{"cameraMode":{"drawMode":0,"name":"Shaded","section":"Shading Mode"},"sceneLighting":true,"audioPlay":false,"sceneViewState":{"showFog":true,"showMaterialUpdate":false,"showSkybox":true,"showFlares":true,"showImageEffects":true,"showParticleSystems":true},"in2DMode":false,"pivot":{"x":2.7478466033935549,"y":-2.562161445617676,"z":1.3755161762237549},"rotation":{"x":-0.27918335795402529,"y":-0.625554621219635,"z":0.25603482127189639,"w":-0.6820813417434692},"size":16.48741340637207,"orthographic":false}