{"cameraMode":{"drawMode":0,"name":"Shaded","section":"Shading Mode"},"sceneLighting":true,"audioPlay":false,"sceneViewState":{"showFog":true,"showMaterialUpdate":false,"showSkybox":true,"showFlares":true,"showImageEffects":true,"showParticleSystems":true},"in2DMode":false,"pivot":{"x":10.139447212219239,"y":8.192870140075684,"z":-16.676307678222658},"rotation":{"x":-0.1352621167898178,"y":0.7988483309745789,"z":-0.1981295943260193,"w":-0.5528493523597717},"size":1.2170729637145997,"orthographic":false}