{"cameraMode":{"drawMode":0,"name":"Shaded","section":"Shading Mode"},"sceneLighting":true,"audioPlay":false,"sceneViewState":{"showFog":true,"showMaterialUpdate":false,"showSkybox":true,"showFlares":true,"showImageEffects":true,"showParticleSystems":true},"in2DMode":false,"pivot":{"x":-1169.21240234375,"y":31.761333465576173,"z":529.88232421875},"rotation":{"x":0.06955967843532562,"y":-0.8708372116088867,"z":0.13300423324108125,"w":0.46900951862335207},"size":368.9889221191406,"orthographic":false}