{"cameraMode":{"drawMode":0,"name":"Shaded","section":"Shading Mode"},"sceneLighting":false,"audioPlay":false,"sceneViewState":{"showFog":true,"showMaterialUpdate":true,"showSkybox":false,"showFlares":true,"showImageEffects":true,"showParticleSystems":true},"in2DMode":false,"pivot":{"x":20.200000762939454,"y":-74.70000457763672,"z":199.22000122070313},"rotation":{"x":-0.08936294168233872,"y":-0.14061768352985383,"z":0.0003037230053450912,"w":-0.9876817464828491},"size":20.14352035522461,"orthographic":false}