{"cameraMode":{"drawMode":2,"name":"Shaded Wireframe","section":"Shading Mode"},"sceneLighting":false,"audioPlay":false,"sceneViewState":{"showFog":true,"showMaterialUpdate":true,"showSkybox":true,"showFlares":true,"showImageEffects":true,"showParticleSystems":true},"in2DMode":false,"pivot":{"x":-216.49636840820313,"y":137.3206787109375,"z":453.188720703125},"rotation":{"x":-0.05651772767305374,"y":-0.357208788394928,"z":0.021043064072728158,"w":-0.9326097369194031},"size":144.84359741210938,"orthographic":false}