{"cameraMode":{"drawMode":0,"name":"Shaded","section":"Shading Mode"},"sceneLighting":true,"audioPlay":false,"sceneViewState":{"showFog":true,"showMaterialUpdate":true,"showSkybox":true,"showFlares":true,"showImageEffects":true,"showParticleSystems":true},"in2DMode":false,"pivot":{"x":-275.42999267578127,"y":133.14999389648438,"z":323.0400085449219},"rotation":{"x":-0.19973045587539674,"y":-0.29668501019477847,"z":0.06511035561561585,"w":-0.9323391914367676},"size":7.779308795928955,"orthographic":false}