{"cameraMode":{"drawMode":2,"name":"Shaded Wireframe","section":"Shading Mode"},"sceneLighting":true,"audioPlay":false,"sceneViewState":{"showFog":true,"showMaterialUpdate":true,"showSkybox":true,"showFlares":true,"showImageEffects":true,"showParticleSystems":true},"in2DMode":false,"pivot":{"x":50.13587188720703,"y":-2.4194552898406984,"z":-59.61210250854492},"rotation":{"x":0.0925494134426117,"y":0.7365013957023621,"z":-0.10297954827547074,"w":0.6621649265289307},"size":9.062888145446778,"orthographic":false}