{"cameraMode":{"drawMode":0,"name":"Shaded","section":"Shading Mode"},"sceneLighting":true,"audioPlay":false,"sceneViewState":{"showFog":true,"showMaterialUpdate":true,"showSkybox":true,"showFlares":true,"showImageEffects":true,"showParticleSystems":true},"in2DMode":false,"pivot":{"x":-271.66033935546877,"y":129.48095703125,"z":272.9295654296875},"rotation":{"x":0.029125388711690904,"y":0.9435746669769287,"z":-0.09150426834821701,"w":0.32191500067710879},"size":86.14229583740235,"orthographic":false}