{"cameraMode":{"drawMode":0,"name":"Shaded","section":"Shading Mode"},"sceneLighting":true,"audioPlay":false,"sceneViewState":{"showFog":true,"showMaterialUpdate":true,"showSkybox":true,"showFlares":true,"showImageEffects":true,"showParticleSystems":true},"in2DMode":false,"pivot":{"x":-193.4573516845703,"y":-27.940046310424806,"z":320.3036804199219},"rotation":{"x":-0.06509233266115189,"y":0.6018967628479004,"z":-0.04326304420828819,"w":-0.7962892055511475},"size":132.3720703125,"orthographic":false}