{"cameraMode":{"drawMode":0,"name":"Shaded","section":"Shading Mode"},"sceneLighting":true,"audioPlay":false,"sceneViewState":{"showFog":true,"showMaterialUpdate":true,"showSkybox":true,"showFlares":true,"showImageEffects":true,"showParticleSystems":true},"in2DMode":false,"pivot":{"x":-118.10302734375,"y":24.39846420288086,"z":259.3551330566406},"rotation":{"x":0.05329928174614906,"y":0.6729461550712586,"z":-0.043030478060245517,"w":0.7372901439666748},"size":150.39556884765626,"orthographic":false}