{"cameraMode":{"drawMode":0,"name":"Shaded","section":"Shading Mode"},"sceneLighting":true,"audioPlay":false,"sceneViewState":{"showFog":true,"showMaterialUpdate":true,"showSkybox":true,"showFlares":true,"showImageEffects":true,"showParticleSystems":true},"in2DMode":false,"pivot":{"x":-323.407470703125,"y":123.96249389648438,"z":300.8507995605469},"rotation":{"x":0.11286449432373047,"y":-0.8826474547386169,"z":0.2562694549560547,"w":0.3804127275943756},"size":39.86070251464844,"orthographic":false}