{"cameraMode":{"drawMode":0,"name":"Shaded","section":"Shading Mode"},"sceneLighting":true,"audioPlay":false,"sceneViewState":{"showFog":true,"showMaterialUpdate":true,"showSkybox":true,"showFlares":true,"showImageEffects":true,"showParticleSystems":true},"in2DMode":false,"pivot":{"x":-188.32337951660157,"y":-9.741151809692383,"z":267.2468566894531},"rotation":{"x":-0.08248873800039292,"y":-0.917266309261322,"z":0.28698283433914187,"w":-0.2663238048553467},"size":38.193721771240237,"orthographic":false}