{"cameraMode":{"drawMode":0,"name":"Shaded","section":"Shading Mode"},"sceneLighting":true,"audioPlay":false,"sceneViewState":{"showFog":true,"showMaterialUpdate":true,"showSkybox":true,"showFlares":true,"showImageEffects":true,"showParticleSystems":true},"in2DMode":false,"pivot":{"x":0.7056503295898438,"y":-1.1276435852050782,"z":103.11868286132813},"rotation":{"x":0.036156781017780307,"y":0.010526126250624657,"z":0.01007644459605217,"w":1.0008708238601685},"size":433.2231140136719,"orthographic":false}