{"cameraMode":{"drawMode":2,"name":"Shaded Wireframe","section":"Shading Mode"},"sceneLighting":false,"audioPlay":false,"sceneViewState":{"showFog":true,"showMaterialUpdate":true,"showSkybox":true,"showFlares":true,"showImageEffects":true,"showParticleSystems":true},"in2DMode":false,"pivot":{"x":-260.2501220703125,"y":139.61212158203126,"z":363.9363098144531},"rotation":{"x":0.020862087607383729,"y":-0.2343096286058426,"z":0.004518075380474329,"w":0.9730703830718994},"size":26.081443786621095,"orthographic":false}