{"cameraMode":{"drawMode":0,"name":"Shaded","section":"Shading Mode"},"sceneLighting":true,"audioPlay":false,"sceneViewState":{"showFog":true,"showMaterialUpdate":true,"showSkybox":true,"showFlares":true,"showImageEffects":true,"showParticleSystems":true},"in2DMode":false,"pivot":{"x":44.812713623046878,"y":-23.331321716308595,"z":296.16015625},"rotation":{"x":0.31010231375694277,"y":-0.42776742577552798,"z":0.171495258808136,"w":0.8334625959396362},"size":50.44081115722656,"orthographic":false}