{"cameraMode":{"drawMode":0,"name":"Shaded","section":"Shading Mode"},"sceneLighting":false,"audioPlay":false,"sceneViewState":{"showFog":true,"showMaterialUpdate":true,"showSkybox":false,"showFlares":true,"showImageEffects":true,"showParticleSystems":true},"in2DMode":false,"pivot":{"x":50.985782623291019,"y":-2.1300110816955568,"z":-55.36505126953125},"rotation":{"x":0.018787415698170663,"y":-0.85770183801651,"z":-0.0534915067255497,"w":-0.5140351057052612},"size":24.92930030822754,"orthographic":false}