{"cameraMode":{"drawMode":0,"name":"Shaded","section":"Shading Mode"},"sceneLighting":false,"audioPlay":false,"sceneViewState":{"showFog":true,"showMaterialUpdate":true,"showSkybox":false,"showFlares":true,"showImageEffects":true,"showParticleSystems":true},"in2DMode":false,"pivot":{"x":-277.0484619140625,"y":134.69195556640626,"z":324.57281494140627},"rotation":{"x":0.058564912527799609,"y":-0.005883286241441965,"z":-0.000766365381423384,"w":0.9998508095741272},"size":0.5142629146575928,"orthographic":false}