{"cameraMode":{"drawMode":2,"name":"Shaded Wireframe","section":"Shading Mode"},"sceneLighting":false,"audioPlay":false,"sceneViewState":{"showFog":true,"showMaterialUpdate":true,"showSkybox":false,"showFlares":true,"showImageEffects":true,"showParticleSystems":true},"in2DMode":false,"pivot":{"x":25.880373001098634,"y":14.765710830688477,"z":-23.602270126342775},"rotation":{"x":0.06627676635980606,"y":-0.02033672109246254,"z":0.0016684342408552766,"w":0.9981110095977783},"size":1.1725399494171143,"orthographic":false}