{"cameraMode":{"drawMode":0,"name":"Shaded","section":"Shading Mode"},"sceneLighting":false,"audioPlay":false,"sceneViewState":{"showFog":true,"showMaterialUpdate":true,"showSkybox":false,"showFlares":true,"showImageEffects":true,"showParticleSystems":true},"in2DMode":false,"pivot":{"x":-277.7610168457031,"y":134.21522521972657,"z":323.80572509765627},"rotation":{"x":0.08553340286016464,"y":-0.01335416454821825,"z":0.0004253536171745509,"w":0.9978353977203369},"size":1.7142629623413087,"orthographic":false}