{"cameraMode":{"drawMode":2,"name":"Shaded Wireframe","section":"Shading Mode"},"sceneLighting":false,"audioPlay":false,"sceneViewState":{"showFog":true,"showMaterialUpdate":true,"showSkybox":true,"showFlares":true,"showImageEffects":true,"showParticleSystems":true},"in2DMode":false,"pivot":{"x":-244.88999938964845,"y":134.52000427246095,"z":347.1099853515625},"rotation":{"x":0.17291752994060517,"y":0.08178837597370148,"z":-0.014427346177399159,"w":0.9819482564926148},"size":2.3816094398498537,"orthographic":false}