{"cameraMode":{"drawMode":2,"name":"Shaded Wireframe","section":"Shading Mode"},"sceneLighting":false,"audioPlay":false,"sceneViewState":{"showFog":true,"showMaterialUpdate":true,"showSkybox":true,"showFlares":true,"showImageEffects":true,"showParticleSystems":true},"in2DMode":false,"pivot":{"x":-267.2769470214844,"y":146.87823486328126,"z":357.4157409667969},"rotation":{"x":0.07721354067325592,"y":0.6634457111358643,"z":-0.0669798031449318,"w":0.7421251535415649},"size":41.3953742980957,"orthographic":false}