{"cameraMode":{"drawMode":0,"name":"Shaded","section":"Shading Mode"},"sceneLighting":true,"audioPlay":false,"sceneViewState":{"showFog":true,"showMaterialUpdate":true,"showSkybox":true,"showFlares":true,"showImageEffects":true,"showParticleSystems":true},"in2DMode":false,"pivot":{"x":-104.63648223876953,"y":-17.607391357421876,"z":158.9886016845703},"rotation":{"x":-0.01983724534511566,"y":0.9802432060241699,"z":-0.13163712620735169,"w":-0.14753307402133943},"size":56.4504508972168,"orthographic":false}