{"cameraMode":{"drawMode":0,"name":"Shaded","section":"Shading Mode"},"sceneLighting":true,"audioPlay":false,"sceneViewState":{"showFog":true,"showMaterialUpdate":true,"showSkybox":true,"showFlares":true,"showImageEffects":true,"showParticleSystems":true},"in2DMode":false,"pivot":{"x":-72.10260772705078,"y":-106.32698822021485,"z":347.942626953125},"rotation":{"x":-0.013558721169829369,"y":-0.8916453719139099,"z":0.45560890436172488,"w":-0.012620056048035622},"size":168.40550231933595,"orthographic":false}