{"cameraMode":{"drawMode":0,"name":"Shaded","section":"Shading Mode"},"sceneLighting":true,"audioPlay":false,"sceneViewState":{"showFog":true,"showMaterialUpdate":true,"showSkybox":true,"showFlares":true,"showImageEffects":true,"showParticleSystems":true},"in2DMode":false,"pivot":{"x":-275.21044921875,"y":146.65118408203126,"z":375.98406982421877},"rotation":{"x":-0.031909339129924777,"y":-0.8264786601066589,"z":-0.06729434430599213,"w":0.5618159770965576},"size":8.223308563232422,"orthographic":false}