{"cameraMode":{"drawMode":0,"name":"Shaded","section":"Shading Mode"},"sceneLighting":false,"audioPlay":false,"sceneViewState":{"showFog":true,"showMaterialUpdate":true,"showSkybox":false,"showFlares":true,"showImageEffects":true,"showParticleSystems":true},"in2DMode":false,"pivot":{"x":-89.25,"y":-28.864965438842775,"z":-70.18544006347656},"rotation":{"x":-0.07351427525281906,"y":0.2117535024881363,"z":-0.02929181605577469,"w":-0.9760596752166748},"size":2.3195414543151857,"orthographic":false}