{"cameraMode":{"drawMode":2,"name":"Shaded Wireframe","section":"Shading Mode"},"sceneLighting":false,"audioPlay":false,"sceneViewState":{"showFog":true,"showMaterialUpdate":true,"showSkybox":true,"showFlares":true,"showImageEffects":true,"showParticleSystems":true},"in2DMode":false,"pivot":{"x":-21.361513137817384,"y":5.489999771118164,"z":-15.54852294921875},"rotation":{"x":0.038962218910455707,"y":-0.9336646199226379,"z":0.10720731317996979,"w":0.3396799862384796},"size":12.660858154296875,"orthographic":false}