{"cameraMode":{"drawMode":0,"name":"Shaded","section":"Shading Mode"},"sceneLighting":false,"audioPlay":false,"sceneViewState":{"showFog":true,"showMaterialUpdate":true,"showSkybox":false,"showFlares":true,"showImageEffects":true,"showParticleSystems":true},"in2DMode":false,"pivot":{"x":60.95000076293945,"y":-3.7118000984191896,"z":9.783709526062012},"rotation":{"x":-0.13287018239498139,"y":-0.8584096431732178,"z":0.2786513566970825,"w":-0.4122564196586609},"size":10.692163467407227,"orthographic":false}