{"cameraMode":{"drawMode":0,"name":"Shaded","section":"Shading Mode"},"sceneLighting":false,"audioPlay":false,"sceneViewState":{"showFog":true,"showMaterialUpdate":true,"showSkybox":false,"showFlares":true,"showImageEffects":true,"showParticleSystems":true},"in2DMode":false,"pivot":{"x":-277.9423828125,"y":134.82748413085938,"z":323.80767822265627},"rotation":{"x":0.003120903391391039,"y":-0.019053582102060319,"z":-0.006596738938242197,"w":1.002124309539795},"size":1.0829589366912842,"orthographic":false}