{"cameraMode":{"drawMode":2,"name":"Shaded Wireframe","section":"Shading Mode"},"sceneLighting":false,"audioPlay":false,"sceneViewState":{"showFog":true,"showMaterialUpdate":true,"showSkybox":false,"showFlares":true,"showImageEffects":true,"showParticleSystems":true},"in2DMode":false,"pivot":{"x":25.194765090942384,"y":14.496192932128907,"z":-24.231033325195314},"rotation":{"x":-0.07095801085233689,"y":-0.045782603323459628,"z":-0.0013626933796331287,"w":-0.9973657131195068},"size":93.83084106445313,"orthographic":false}