{"cameraMode":{"drawMode":0,"name":"Shaded","section":"Shading Mode"},"sceneLighting":false,"audioPlay":false,"sceneViewState":{"showFog":true,"showMaterialUpdate":true,"showSkybox":false,"showFlares":true,"showImageEffects":true,"showParticleSystems":true},"in2DMode":false,"pivot":{"x":12.829834938049317,"y":-49.367794036865237,"z":423.3230285644531},"rotation":{"x":-0.10802001506090164,"y":-0.9037807583808899,"z":0.3167397379875183,"w":-0.27284374833106997},"size":46.3007698059082,"orthographic":false}