{"cameraMode":{"drawMode":2,"name":"Shaded Wireframe","section":"Shading Mode"},"sceneLighting":false,"audioPlay":false,"sceneViewState":{"showFog":true,"showMaterialUpdate":true,"showSkybox":true,"showFlares":true,"showImageEffects":true,"showParticleSystems":true},"in2DMode":false,"pivot":{"x":23.685508728027345,"y":-3.3095550537109377,"z":-39.91278076171875},"rotation":{"x":0.40106648206710818,"y":0.1719919741153717,"z":-0.07660685479640961,"w":0.8972267508506775},"size":133.89695739746095,"orthographic":false}