{"cameraMode":{"drawMode":0,"name":"Shaded","section":"Shading Mode"},"sceneLighting":false,"audioPlay":false,"sceneViewState":{"showFog":true,"showMaterialUpdate":false,"showSkybox":false,"showFlares":true,"showImageEffects":true,"showParticleSystems":true},"in2DMode":false,"pivot":{"x":25.194765090942384,"y":14.496192932128907,"z":-25.231033325195314},"rotation":{"x":-0.11092124134302139,"y":0.8786163926124573,"z":-0.24932722747325898,"w":-0.39259883761405947},"size":22.0,"orthographic":false}