{"cameraMode":{"drawMode":2,"name":"Shaded Wireframe","section":"Shading Mode"},"sceneLighting":false,"audioPlay":false,"sceneViewState":{"showFog":true,"showMaterialUpdate":true,"showSkybox":false,"showFlares":true,"showImageEffects":true,"showParticleSystems":true},"in2DMode":false,"pivot":{"x":22.18000030517578,"y":-2.1470000743865969,"z":-13.399999618530274},"rotation":{"x":-0.3697406053543091,"y":0.5636927485466003,"z":-0.3116128146648407,"w":-0.6706805229187012},"size":3.0734128952026369,"orthographic":false}