{"cameraMode":{"drawMode":0,"name":"Shaded","section":"Shading Mode"},"sceneLighting":true,"audioPlay":false,"sceneViewState":{"showFog":true,"showMaterialUpdate":true,"showSkybox":true,"showFlares":true,"showImageEffects":true,"showParticleSystems":true},"in2DMode":false,"pivot":{"x":-295.8400573730469,"y":153.71026611328126,"z":363.84649658203127},"rotation":{"x":-0.10508476942777634,"y":0.44481104612350466,"z":-0.051036566495895389,"w":-0.8887851238250732},"size":16.57618522644043,"orthographic":false}