{"cameraMode":{"drawMode":0,"name":"Shaded","section":"Shading Mode"},"sceneLighting":true,"audioPlay":false,"sceneViewState":{"showFog":true,"showMaterialUpdate":true,"showSkybox":true,"showFlares":true,"showImageEffects":true,"showParticleSystems":true},"in2DMode":false,"pivot":{"x":-72.23339080810547,"y":-12.769721984863282,"z":324.66619873046877},"rotation":{"x":-0.07349240034818649,"y":-0.7092361450195313,"z":0.07475375384092331,"w":-0.6974846124649048},"size":128.06625366210938,"orthographic":false}