{"cameraMode":{"drawMode":0,"name":"Shaded","section":"Shading Mode"},"sceneLighting":true,"audioPlay":false,"sceneViewState":{"showFog":true,"showMaterialUpdate":true,"showSkybox":true,"showFlares":true,"showImageEffects":true,"showParticleSystems":true},"in2DMode":false,"pivot":{"x":-116.1854248046875,"y":8.464445114135743,"z":300.320556640625},"rotation":{"x":0.20498284697532655,"y":0.36849117279052737,"z":-0.09318948537111283,"w":0.9042722582817078},"size":131.5906982421875,"orthographic":false}