{"cameraMode":{"drawMode":0,"name":"Shaded","section":"Shading Mode"},"sceneLighting":false,"audioPlay":false,"sceneViewState":{"showFog":true,"showMaterialUpdate":true,"showSkybox":false,"showFlares":true,"showImageEffects":true,"showParticleSystems":true},"in2DMode":false,"pivot":{"x":-277.5111083984375,"y":134.28074645996095,"z":323.4961853027344},"rotation":{"x":0.028525440022349359,"y":0.003312963293865323,"z":-0.006952580530196428,"w":1.00189208984375},"size":0.7861344218254089,"orthographic":false}