{"cameraMode":{"drawMode":0,"name":"Shaded","section":"Shading Mode"},"sceneLighting":true,"audioPlay":false,"sceneViewState":{"showFog":true,"showMaterialUpdate":true,"showSkybox":true,"showFlares":true,"showImageEffects":true,"showParticleSystems":true},"in2DMode":false,"pivot":{"x":-110.043701171875,"y":-11.347882270812989,"z":177.16270446777345},"rotation":{"x":0.16778253018856049,"y":0.7745750546455383,"z":-0.2402239292860031,"w":0.5625322461128235},"size":27.81772804260254,"orthographic":false}