{"cameraMode":{"drawMode":0,"name":"Shaded","section":"Shading Mode"},"sceneLighting":false,"audioPlay":false,"sceneViewState":{"showFog":true,"showMaterialUpdate":true,"showSkybox":false,"showFlares":true,"showImageEffects":true,"showParticleSystems":true},"in2DMode":false,"pivot":{"x":-277.57867431640627,"y":134.5729217529297,"z":323.4273986816406},"rotation":{"x":0.05254692956805229,"y":0.004619590938091278,"z":-0.007588982582092285,"w":1.0009081363677979},"size":0.745604395866394,"orthographic":false}