{"cameraMode":{"drawMode":2,"name":"Shaded Wireframe","section":"Shading Mode"},"sceneLighting":false,"audioPlay":false,"sceneViewState":{"showFog":true,"showMaterialUpdate":true,"showSkybox":true,"showFlares":true,"showImageEffects":true,"showParticleSystems":true},"in2DMode":false,"pivot":{"x":14.791128158569336,"y":-14.49342155456543,"z":-45.003700256347659},"rotation":{"x":-0.2983176112174988,"y":-0.427870512008667,"z":0.15113896131515504,"w":-0.8402911424636841},"size":40.60883331298828,"orthographic":false}