{"cameraMode":{"drawMode":2,"name":"Shaded Wireframe","section":"Shading Mode"},"sceneLighting":true,"audioPlay":false,"sceneViewState":{"showFog":true,"showMaterialUpdate":true,"showSkybox":true,"showFlares":true,"showImageEffects":true,"showParticleSystems":true},"in2DMode":false,"pivot":{"x":9.863516807556153,"y":-63.498374938964847,"z":159.36557006835938},"rotation":{"x":0.1351442188024521,"y":-0.8615661263465881,"z":0.30324438214302065,"w":0.384183794260025},"size":77.07907104492188,"orthographic":false}