{"cameraMode":{"drawMode":0,"name":"Shaded","section":"Shading Mode"},"sceneLighting":false,"audioPlay":false,"sceneViewState":{"showFog":true,"showMaterialUpdate":true,"showSkybox":false,"showFlares":true,"showImageEffects":true,"showParticleSystems":true},"in2DMode":false,"pivot":{"x":49.529998779296878,"y":-2.8499999046325685,"z":-60.119998931884769},"rotation":{"x":-0.2330290526151657,"y":-0.5914227366447449,"z":0.18455484509468079,"w":-0.7509846091270447},"size":1.8296985626220704,"orthographic":false}