{"cameraMode":{"drawMode":0,"name":"Shaded","section":"Shading Mode"},"sceneLighting":true,"audioPlay":false,"sceneViewState":{"showFog":true,"showMaterialUpdate":true,"showSkybox":true,"showFlares":true,"showImageEffects":true,"showParticleSystems":true},"in2DMode":false,"pivot":{"x":-16.301239013671876,"y":-46.19261932373047,"z":195.5196533203125},"rotation":{"x":0.24997581541538239,"y":0.666267991065979,"z":-0.2547544240951538,"w":0.6566198468208313},"size":190.5449676513672,"orthographic":false}