{"cameraMode":{"drawMode":0,"name":"Shaded","section":"Shading Mode"},"sceneLighting":false,"audioPlay":false,"sceneViewState":{"showFog":true,"showMaterialUpdate":true,"showSkybox":false,"showFlares":true,"showImageEffects":true,"showParticleSystems":true},"in2DMode":false,"pivot":{"x":15.069999694824219,"y":-2.1470000743865969,"z":10.369999885559082},"rotation":{"x":-0.4324078857898712,"y":0.42184677720069888,"z":-0.2605982720851898,"w":-0.7556130290031433},"size":3.073411226272583,"orthographic":false}