{"cameraMode":{"drawMode":0,"name":"Shaded","section":"Shading Mode"},"sceneLighting":true,"audioPlay":false,"sceneViewState":{"showFog":true,"showMaterialUpdate":true,"showSkybox":true,"showFlares":true,"showImageEffects":true,"showParticleSystems":true},"in2DMode":false,"pivot":{"x":53.38745880126953,"y":-61.909488677978519,"z":231.2344970703125},"rotation":{"x":-0.15805737674236298,"y":-0.23433290421962739,"z":0.02750026062130928,"w":-0.9606613516807556},"size":43.4040641784668,"orthographic":false}