{"cameraMode":{"drawMode":0,"name":"Shaded","section":"Shading Mode"},"sceneLighting":true,"audioPlay":false,"sceneViewState":{"showFog":true,"showMaterialUpdate":true,"showSkybox":true,"showFlares":true,"showImageEffects":true,"showParticleSystems":true},"in2DMode":false,"pivot":{"x":-198.4891815185547,"y":-24.188594818115236,"z":313.6500549316406},"rotation":{"x":-0.21242669224739076,"y":0.632391631603241,"z":-0.2000409960746765,"w":-0.7196953296661377},"size":71.66765594482422,"orthographic":false}