{"cameraMode":{"drawMode":0,"name":"Shaded","section":"Shading Mode"},"sceneLighting":false,"audioPlay":false,"sceneViewState":{"showFog":true,"showMaterialUpdate":true,"showSkybox":false,"showFlares":true,"showImageEffects":true,"showParticleSystems":true},"in2DMode":false,"pivot":{"x":-277.95733642578127,"y":134.77972412109376,"z":323.7247009277344},"rotation":{"x":0.16467204689979554,"y":0.09255627542734146,"z":-0.022882642224431039,"w":0.9840964674949646},"size":0.5125948190689087,"orthographic":false}