{"cameraMode":{"drawMode":2,"name":"Shaded Wireframe","section":"Shading Mode"},"sceneLighting":false,"audioPlay":false,"sceneViewState":{"showFog":true,"showMaterialUpdate":true,"showSkybox":true,"showFlares":true,"showImageEffects":true,"showParticleSystems":true},"in2DMode":false,"pivot":{"x":-170.42152404785157,"y":19.081886291503908,"z":215.44332885742188},"rotation":{"x":-0.20167073607444764,"y":0.6799294948577881,"z":-0.20263344049453736,"w":-0.6758477687835693},"size":158.22251892089845,"orthographic":false}