{"cameraMode":{"drawMode":0,"name":"Shaded","section":"Shading Mode"},"sceneLighting":false,"audioPlay":false,"sceneViewState":{"showFog":true,"showMaterialUpdate":true,"showSkybox":false,"showFlares":true,"showImageEffects":true,"showParticleSystems":true},"in2DMode":false,"pivot":{"x":24.278705596923829,"y":-0.8027148246765137,"z":-10.209844589233399},"rotation":{"x":0.1195739284157753,"y":-0.8044555187225342,"z":0.18001912534236909,"w":0.5557854175567627},"size":4.918277740478516,"orthographic":false}