{"cameraMode":{"drawMode":0,"name":"Shaded","section":"Shading Mode"},"sceneLighting":true,"audioPlay":false,"sceneViewState":{"showFog":true,"showMaterialUpdate":true,"showSkybox":true,"showFlares":true,"showImageEffects":true,"showParticleSystems":true},"in2DMode":false,"pivot":{"x":-156.2376251220703,"y":10.450539588928223,"z":99.98939514160156},"rotation":{"x":-0.009207249619066716,"y":0.9790685176849365,"z":0.19947586953639985,"w":0.043797411024570468},"size":54.313507080078128,"orthographic":false}