{"cameraMode":{"drawMode":2,"name":"Shaded Wireframe","section":"Shading Mode"},"sceneLighting":false,"audioPlay":false,"sceneViewState":{"showFog":true,"showMaterialUpdate":true,"showSkybox":true,"showFlares":true,"showImageEffects":true,"showParticleSystems":true},"in2DMode":false,"pivot":{"x":82.99799346923828,"y":-96.48694610595703,"z":112.71128845214844},"rotation":{"x":0.287485271692276,"y":0.27432578802108767,"z":-0.08689078688621521,"w":0.9143028259277344},"size":196.7065887451172,"orthographic":false}