{"cameraMode":{"drawMode":0,"name":"Shaded","section":"Shading Mode"},"sceneLighting":true,"audioPlay":false,"sceneViewState":{"showFog":true,"showMaterialUpdate":true,"showSkybox":true,"showFlares":true,"showImageEffects":true,"showParticleSystems":true},"in2DMode":false,"pivot":{"x":1610.122802734375,"y":104.29803466796875,"z":-615.2302856445313},"rotation":{"x":-0.14409945905208589,"y":-0.689946174621582,"z":0.15351048111915589,"w":-0.6960681676864624},"size":693.0667724609375,"orthographic":false}