{"cameraMode":{"drawMode":2,"name":"Shaded Wireframe","section":"Shading Mode"},"sceneLighting":false,"audioPlay":false,"sceneViewState":{"showFog":true,"showMaterialUpdate":true,"showSkybox":true,"showFlares":true,"showImageEffects":true,"showParticleSystems":true},"in2DMode":false,"pivot":{"x":39.633384704589847,"y":22.027568817138673,"z":-16.770793914794923},"rotation":{"x":0.2618483603000641,"y":-0.5827444791793823,"z":0.2058255672454834,"w":0.7421565055847168},"size":129.56478881835938,"orthographic":false}