{"cameraMode":{"drawMode":2,"name":"Shaded Wireframe","section":"Shading Mode"},"sceneLighting":false,"audioPlay":false,"sceneViewState":{"showFog":true,"showMaterialUpdate":true,"showSkybox":true,"showFlares":true,"showImageEffects":true,"showParticleSystems":true},"in2DMode":false,"pivot":{"x":4.63505220413208,"y":4.696525573730469,"z":-8.746366500854493},"rotation":{"x":0.06456616520881653,"y":-0.07984590530395508,"z":0.0055044121108949188,"w":0.9952191710472107},"size":-0.13849949836730958,"orthographic":false}