{"cameraMode":{"drawMode":0,"name":"Shaded","section":"Shading Mode"},"sceneLighting":true,"audioPlay":false,"sceneViewState":{"showFog":true,"showMaterialUpdate":true,"showSkybox":true,"showFlares":true,"showImageEffects":true,"showParticleSystems":true},"in2DMode":false,"pivot":{"x":-100.1117935180664,"y":-30.437816619873048,"z":421.0082092285156},"rotation":{"x":0.2549082636833191,"y":-0.3945881128311157,"z":0.10619407147169113,"w":0.8792258501052856},"size":11.27009105682373,"orthographic":false}