{"cameraMode":{"drawMode":0,"name":"Shaded","section":"Shading Mode"},"sceneLighting":true,"audioPlay":false,"sceneViewState":{"showFog":true,"showMaterialUpdate":true,"showSkybox":true,"showFlares":true,"showImageEffects":true,"showParticleSystems":true},"in2DMode":false,"pivot":{"x":-93.66834259033203,"y":-10.07281494140625,"z":403.81146240234377},"rotation":{"x":-0.15476036071777345,"y":0.11594182252883911,"z":-0.028816698119044305,"w":-0.9822604656219482},"size":7.743902206420898,"orthographic":false}