{"cameraMode":{"drawMode":2,"name":"Shaded Wireframe","section":"Shading Mode"},"sceneLighting":true,"audioPlay":false,"sceneViewState":{"showFog":true,"showMaterialUpdate":true,"showSkybox":true,"showFlares":true,"showImageEffects":true,"showParticleSystems":true},"in2DMode":false,"pivot":{"x":22.308597564697267,"y":-1.8507041931152344,"z":-13.460134506225586},"rotation":{"x":-0.32157936692237856,"y":-0.6374075412750244,"z":0.3325418531894684,"w":-0.6162889003753662},"size":582.6057739257813,"orthographic":false}