{"cameraMode":{"drawMode":2,"name":"Shaded Wireframe","section":"Shading Mode"},"sceneLighting":true,"audioPlay":false,"sceneViewState":{"showFog":true,"showMaterialUpdate":true,"showSkybox":true,"showFlares":true,"showImageEffects":true,"showParticleSystems":true},"in2DMode":false,"pivot":{"x":97.7392578125,"y":-138.822265625,"z":296.5257568359375},"rotation":{"x":-0.15961740911006928,"y":-0.6837189793586731,"z":0.15719924867153169,"w":-0.6948238611221314},"size":449.7892761230469,"orthographic":false}