{"cameraMode":{"drawMode":2,"name":"Shaded Wireframe","section":"Shading Mode"},"sceneLighting":false,"audioPlay":false,"sceneViewState":{"showFog":true,"showMaterialUpdate":true,"showSkybox":false,"showFlares":true,"showImageEffects":true,"showParticleSystems":true},"in2DMode":false,"pivot":{"x":16.5639591217041,"y":-68.23320770263672,"z":229.48350524902345},"rotation":{"x":-0.4196303188800812,"y":0.06127871572971344,"z":-0.028902685269713403,"w":-0.9059208035469055},"size":48.586544036865237,"orthographic":false}