{"cameraMode":{"drawMode":2,"name":"Shaded Wireframe","section":"Shading Mode"},"sceneLighting":false,"audioPlay":false,"sceneViewState":{"showFog":true,"showMaterialUpdate":true,"showSkybox":true,"showFlares":true,"showImageEffects":true,"showParticleSystems":true},"in2DMode":false,"pivot":{"x":-365.8488464355469,"y":140.46014404296876,"z":340.6028137207031},"rotation":{"x":0.024605505168437959,"y":-0.7001646161079407,"z":0.02464156784117222,"w":0.7137911319732666},"size":88.64128875732422,"orthographic":false}