{"cameraMode":{"drawMode":0,"name":"Shaded","section":"Shading Mode"},"sceneLighting":false,"audioPlay":false,"sceneViewState":{"showFog":true,"showMaterialUpdate":true,"showSkybox":false,"showFlares":true,"showImageEffects":true,"showParticleSystems":true},"in2DMode":false,"pivot":{"x":19.212800979614259,"y":1.1474649906158448,"z":-26.1438045501709},"rotation":{"x":-0.1727941334247589,"y":0.6358721852302551,"z":-0.1494016796350479,"w":-0.7375795841217041},"size":8.607486724853516,"orthographic":false}