{"cameraMode":{"drawMode":2,"name":"Shaded Wireframe","section":"Shading Mode"},"sceneLighting":true,"audioPlay":false,"sceneViewState":{"showFog":true,"showMaterialUpdate":true,"showSkybox":true,"showFlares":true,"showImageEffects":true,"showParticleSystems":true},"in2DMode":false,"pivot":{"x":-294.05303955078127,"y":153.28372192382813,"z":327.1622619628906},"rotation":{"x":0.13496947288513184,"y":0.7593451142311096,"z":-0.1669970601797104,"w":0.6149174571037293},"size":73.23124694824219,"orthographic":false}