{"cameraMode":{"drawMode":2,"name":"Shaded Wireframe","section":"Shading Mode"},"sceneLighting":false,"audioPlay":false,"sceneViewState":{"showFog":true,"showMaterialUpdate":true,"showSkybox":false,"showFlares":true,"showImageEffects":true,"showParticleSystems":true},"in2DMode":false,"pivot":{"x":9.153623580932618,"y":2.7741236686706545,"z":-2.3668482303619386},"rotation":{"x":-0.0035312771797180177,"y":-0.5521414875984192,"z":0.0006784588331356645,"w":-0.8347700238227844},"size":12.028724670410157,"orthographic":false}