{"cameraMode":{"drawMode":0,"name":"Shaded","section":"Shading Mode"},"sceneLighting":false,"audioPlay":false,"sceneViewState":{"showFog":true,"showMaterialUpdate":true,"showSkybox":false,"showFlares":true,"showImageEffects":true,"showParticleSystems":true},"in2DMode":false,"pivot":{"x":20.11370086669922,"y":-1.0093786716461182,"z":0.4458755850791931},"rotation":{"x":0.13666997849941255,"y":-0.39103394746780398,"z":0.06062072142958641,"w":0.9086637496948242},"size":7.010261058807373,"orthographic":false}