{"cameraMode":{"drawMode":2,"name":"Shaded Wireframe","section":"Shading Mode"},"sceneLighting":false,"audioPlay":false,"sceneViewState":{"showFog":true,"showMaterialUpdate":true,"showSkybox":false,"showFlares":true,"showImageEffects":true,"showParticleSystems":true},"in2DMode":false,"pivot":{"x":23.74289321899414,"y":-74.72904205322266,"z":158.88858032226563},"rotation":{"x":0.12071394920349121,"y":0.5249422788619995,"z":-0.07541555166244507,"w":0.8392472863197327},"size":2.1734015941619875,"orthographic":false}