{"cameraMode":{"drawMode":0,"name":"Shaded","section":"Shading Mode"},"sceneLighting":true,"audioPlay":false,"sceneViewState":{"showFog":true,"showMaterialUpdate":true,"showSkybox":true,"showFlares":true,"showImageEffects":true,"showParticleSystems":true},"in2DMode":false,"pivot":{"x":4.020294189453125,"y":5.033217906951904,"z":-9.246623992919922},"rotation":{"x":-0.293759822845459,"y":0.22773481905460359,"z":-0.08074546605348587,"w":-0.926479697227478},"size":2.6254680156707765,"orthographic":false}