{"cameraMode":{"drawMode":0,"name":"Shaded","section":"Shading Mode"},"sceneLighting":true,"audioPlay":false,"sceneViewState":{"showFog":true,"showMaterialUpdate":true,"showSkybox":true,"showFlares":true,"showImageEffects":true,"showParticleSystems":true},"in2DMode":false,"pivot":{"x":-19.90299415588379,"y":39.4595832824707,"z":267.27008056640627},"rotation":{"x":0.3036212921142578,"y":-0.3258283734321594,"z":0.10302192717790604,"w":0.8922049403190613},"size":46.92805862426758,"orthographic":false}