{"cameraMode":{"drawMode":0,"name":"Shaded","section":"Shading Mode"},"sceneLighting":false,"audioPlay":false,"sceneViewState":{"showFog":true,"showMaterialUpdate":true,"showSkybox":false,"showFlares":true,"showImageEffects":true,"showParticleSystems":true},"in2DMode":false,"pivot":{"x":-277.4582824707031,"y":134.63308715820313,"z":322.8072204589844},"rotation":{"x":-0.001498623052611947,"y":-0.002486460143700242,"z":-0.006736293435096741,"w":1.0023044347763062},"size":0.7339324355125427,"orthographic":false}