{"cameraMode":{"drawMode":0,"name":"Shaded","section":"Shading Mode"},"sceneLighting":false,"audioPlay":false,"sceneViewState":{"showFog":true,"showMaterialUpdate":true,"showSkybox":false,"showFlares":true,"showImageEffects":true,"showParticleSystems":true},"in2DMode":false,"pivot":{"x":16.15273666381836,"y":-0.5210232734680176,"z":-18.19556427001953},"rotation":{"x":0.238691046833992,"y":-0.6261337995529175,"z":0.21562150120735169,"w":0.7122077941894531},"size":3.7182772159576418,"orthographic":false}