{"cameraMode":{"drawMode":2,"name":"Shaded Wireframe","section":"Shading Mode"},"sceneLighting":false,"audioPlay":false,"sceneViewState":{"showFog":true,"showMaterialUpdate":true,"showSkybox":true,"showFlares":true,"showImageEffects":true,"showParticleSystems":true},"in2DMode":false,"pivot":{"x":-340.148681640625,"y":141.05364990234376,"z":293.12994384765627},"rotation":{"x":0.056376487016677859,"y":-0.8428203463554382,"z":0.08710410445928574,"w":0.5302397012710571},"size":8.791869163513184,"orthographic":false}