{"cameraMode":{"drawMode":0,"name":"Shaded","section":"Shading Mode"},"sceneLighting":true,"audioPlay":false,"sceneViewState":{"showFog":true,"showMaterialUpdate":true,"showSkybox":true,"showFlares":true,"showImageEffects":true,"showParticleSystems":true},"in2DMode":false,"pivot":{"x":-277.5528259277344,"y":134.17257690429688,"z":324.57281494140627},"rotation":{"x":0.018047373741865159,"y":-0.008865620009601117,"z":-0.0020128083415329458,"w":1.001380443572998},"size":1.6178160905838013,"orthographic":false}