{"cameraMode":{"drawMode":0,"name":"Shaded","section":"Shading Mode"},"sceneLighting":false,"audioPlay":false,"sceneViewState":{"showFog":true,"showMaterialUpdate":true,"showSkybox":false,"showFlares":true,"showImageEffects":true,"showParticleSystems":true},"in2DMode":false,"pivot":{"x":24.979999542236329,"y":-2.2681283950805666,"z":-22.280000686645509},"rotation":{"x":0.20498067140579225,"y":-0.37768813967704775,"z":0.08108106255531311,"w":0.9004034996032715},"size":7.200467109680176,"orthographic":false}