{"cameraMode":{"drawMode":0,"name":"Shaded","section":"Shading Mode"},"sceneLighting":true,"audioPlay":false,"sceneViewState":{"showFog":true,"showMaterialUpdate":true,"showSkybox":true,"showFlares":true,"showImageEffects":true,"showParticleSystems":true},"in2DMode":false,"pivot":{"x":99.29106903076172,"y":-115.53973388671875,"z":367.01092529296877},"rotation":{"x":0.2510383129119873,"y":0.4618500769138336,"z":-0.13664552569389344,"w":0.8410954475402832},"size":287.5689697265625,"orthographic":false}