{"cameraMode":{"drawMode":0,"name":"Shaded","section":"Shading Mode"},"sceneLighting":true,"audioPlay":false,"sceneViewState":{"showFog":true,"showMaterialUpdate":true,"showSkybox":true,"showFlares":true,"showImageEffects":true,"showParticleSystems":true},"in2DMode":false,"pivot":{"x":-275.16473388671877,"y":135.06973266601563,"z":323.46563720703127},"rotation":{"x":0.0850384309887886,"y":0.789307177066803,"z":-0.12701918184757234,"w":0.5970820188522339},"size":4.876521110534668,"orthographic":false}