{"cameraMode":{"drawMode":0,"name":"Shaded","section":"Shading Mode"},"sceneLighting":true,"audioPlay":false,"sceneViewState":{"showFog":true,"showMaterialUpdate":true,"showSkybox":true,"showFlares":true,"showImageEffects":true,"showParticleSystems":true},"in2DMode":false,"pivot":{"x":-155.1170196533203,"y":-18.521743774414064,"z":195.05899047851563},"rotation":{"x":0.11713530868291855,"y":0.8245208263397217,"z":-0.17543943226337434,"w":0.5260469317436218},"size":131.32577514648438,"orthographic":false}