{"cameraMode":{"drawMode":0,"name":"Shaded","section":"Shading Mode"},"sceneLighting":false,"audioPlay":false,"sceneViewState":{"showFog":true,"showMaterialUpdate":true,"showSkybox":false,"showFlares":true,"showImageEffects":true,"showParticleSystems":true},"in2DMode":false,"pivot":{"x":11.254998207092286,"y":-2.3319296836853029,"z":-21.996015548706056},"rotation":{"x":0.3533506691455841,"y":0.25974780321121218,"z":-0.10011665523052216,"w":0.8935720920562744},"size":1.7345833778381348,"orthographic":false}