{"cameraMode":{"drawMode":0,"name":"Shaded","section":"Shading Mode"},"sceneLighting":true,"audioPlay":false,"sceneViewState":{"showFog":true,"showMaterialUpdate":true,"showSkybox":true,"showFlares":true,"showImageEffects":true,"showParticleSystems":true},"in2DMode":false,"pivot":{"x":-145.8000030517578,"y":-21.700000762939454,"z":242.89999389648438},"rotation":{"x":0.03856416791677475,"y":0.9275340437889099,"z":-0.11676789820194245,"w":0.3563483953475952},"size":575.1716918945313,"orthographic":false}