{"cameraMode":{"drawMode":0,"name":"Shaded","section":"Shading Mode"},"sceneLighting":true,"audioPlay":false,"sceneViewState":{"showFog":true,"showMaterialUpdate":true,"showSkybox":true,"showFlares":true,"showImageEffects":true,"showParticleSystems":true},"in2DMode":false,"pivot":{"x":-273.0036926269531,"y":130.36163330078126,"z":326.8442077636719},"rotation":{"x":0.25085821747779848,"y":0.29915469884872439,"z":-0.08308450132608414,"w":0.918607234954834},"size":10.366000175476075,"orthographic":false}