{"cameraMode":{"drawMode":0,"name":"Shaded","section":"Shading Mode"},"sceneLighting":true,"audioPlay":false,"sceneViewState":{"showFog":true,"showMaterialUpdate":true,"showSkybox":true,"showFlares":true,"showImageEffects":true,"showParticleSystems":true},"in2DMode":false,"pivot":{"x":50.616119384765628,"y":-52.21160888671875,"z":246.80441284179688},"rotation":{"x":0.09784356504678726,"y":0.8938695788383484,"z":-0.18007369339466096,"w":0.4035239517688751},"size":69.13705444335938,"orthographic":false}