{"cameraMode":{"drawMode":0,"name":"Shaded","section":"Shading Mode"},"sceneLighting":true,"audioPlay":false,"sceneViewState":{"showFog":true,"showMaterialUpdate":true,"showSkybox":true,"showFlares":true,"showImageEffects":true,"showParticleSystems":true},"in2DMode":false,"pivot":{"x":-117.72453308105469,"y":-1.077073574066162,"z":302.15570068359377},"rotation":{"x":0.031789377331733707,"y":-0.9637999534606934,"z":0.1552726775407791,"w":0.21844382584095},"size":40.784969329833987,"orthographic":false}