{"cameraMode":{"drawMode":0,"name":"Shaded","section":"Shading Mode"},"sceneLighting":true,"audioPlay":false,"sceneViewState":{"showFog":true,"showMaterialUpdate":true,"showSkybox":true,"showFlares":true,"showImageEffects":true,"showParticleSystems":true},"in2DMode":false,"pivot":{"x":-138.3495635986328,"y":-7.007207870483398,"z":299.3927001953125},"rotation":{"x":-0.22800494730472566,"y":0.6444619297981262,"z":-0.22301122546195985,"w":-0.6971264481544495},"size":1431.6695556640625,"orthographic":false}