{"cameraMode":{"drawMode":0,"name":"Shaded","section":"Shading Mode"},"sceneLighting":true,"audioPlay":false,"sceneViewState":{"showFog":true,"showMaterialUpdate":true,"showSkybox":true,"showFlares":true,"showImageEffects":true,"showParticleSystems":true},"in2DMode":false,"pivot":{"x":77.52783203125,"y":-60.5290641784668,"z":121.27848815917969},"rotation":{"x":0.29422321915626528,"y":-0.006802758667618036,"z":0.0037697339430451395,"w":0.9562782645225525},"size":67.46961975097656,"orthographic":false}