{"cameraMode":{"drawMode":0,"name":"Shaded","section":"Shading Mode"},"sceneLighting":true,"audioPlay":false,"sceneViewState":{"showFog":true,"showMaterialUpdate":true,"showSkybox":true,"showFlares":true,"showImageEffects":true,"showParticleSystems":true},"in2DMode":false,"pivot":{"x":-115.14593505859375,"y":3.0393829345703127,"z":296.2089538574219},"rotation":{"x":0.15801826119422913,"y":-0.6307365894317627,"z":0.12056147307157517,"w":0.7528965473175049},"size":40.09455490112305,"orthographic":false}