{"cameraMode":{"drawMode":0,"name":"Shaded","section":"Shading Mode"},"sceneLighting":false,"audioPlay":false,"sceneViewState":{"showFog":true,"showMaterialUpdate":true,"showSkybox":false,"showFlares":true,"showImageEffects":true,"showParticleSystems":true},"in2DMode":false,"pivot":{"x":-277.64764404296877,"y":134.3384552001953,"z":323.2861328125},"rotation":{"x":0.003120903391391039,"y":-0.019053582102060319,"z":-0.006596738938242197,"w":1.002124309539795},"size":1.0660676956176758,"orthographic":false}