{"cameraMode":{"drawMode":2,"name":"Shaded Wireframe","section":"Shading Mode"},"sceneLighting":false,"audioPlay":false,"sceneViewState":{"showFog":true,"showMaterialUpdate":true,"showSkybox":false,"showFlares":true,"showImageEffects":true,"showParticleSystems":true},"in2DMode":false,"pivot":{"x":19.328115463256837,"y":4.474781036376953,"z":-25.523778915405275},"rotation":{"x":0.032618504017591479,"y":0.9540714025497437,"z":-0.12182263284921646,"w":0.27493613958358767},"size":35.589080810546878,"orthographic":false}