{"cameraMode":{"drawMode":2,"name":"Shaded Wireframe","section":"Shading Mode"},"sceneLighting":false,"audioPlay":false,"sceneViewState":{"showFog":true,"showMaterialUpdate":true,"showSkybox":true,"showFlares":true,"showImageEffects":true,"showParticleSystems":true},"in2DMode":false,"pivot":{"x":-90.66249084472656,"y":-20.55860710144043,"z":-78.65592193603516},"rotation":{"x":-0.1072179451584816,"y":-0.471905380487442,"z":0.05748272314667702,"w":-0.8745260238647461},"size":2.0067899227142336,"orthographic":false}