{"cameraMode":{"drawMode":2,"name":"Shaded Wireframe","section":"Shading Mode"},"sceneLighting":false,"audioPlay":false,"sceneViewState":{"showFog":true,"showMaterialUpdate":true,"showSkybox":false,"showFlares":true,"showImageEffects":true,"showParticleSystems":true},"in2DMode":false,"pivot":{"x":18.43627166748047,"y":-1.2180416584014893,"z":-20.665767669677736},"rotation":{"x":-0.03444735333323479,"y":0.9355542063713074,"z":-0.339730441570282,"w":-0.0952705517411232},"size":5.8680315017700199,"orthographic":false}