{"cameraMode":{"drawMode":0,"name":"Shaded","section":"Shading Mode"},"sceneLighting":true,"audioPlay":false,"sceneViewState":{"showFog":true,"showMaterialUpdate":true,"showSkybox":true,"showFlares":true,"showImageEffects":true,"showParticleSystems":true},"in2DMode":false,"pivot":{"x":-187.08193969726563,"y":-15.287862777709961,"z":330.28814697265627},"rotation":{"x":0.19837193191051484,"y":0.026823589578270913,"z":-0.01256854273378849,"w":0.9822243452072144},"size":93.50000762939453,"orthographic":false}