{"cameraMode":{"drawMode":0,"name":"Shaded","section":"Shading Mode"},"sceneLighting":true,"audioPlay":false,"sceneViewState":{"showFog":true,"showMaterialUpdate":true,"showSkybox":true,"showFlares":true,"showImageEffects":true,"showParticleSystems":true},"in2DMode":false,"pivot":{"x":-310.6021728515625,"y":140.18992614746095,"z":359.68408203125},"rotation":{"x":0.22136013209819795,"y":-0.20682914555072785,"z":0.06132035329937935,"w":0.9530301094055176},"size":29.66549301147461,"orthographic":false}