{"cameraMode":{"drawMode":0,"name":"Shaded","section":"Shading Mode"},"sceneLighting":true,"audioPlay":false,"sceneViewState":{"showFog":true,"showMaterialUpdate":true,"showSkybox":true,"showFlares":true,"showImageEffects":true,"showParticleSystems":true},"in2DMode":false,"pivot":{"x":48.03245544433594,"y":-84.47415161132813,"z":90.58059692382813},"rotation":{"x":-0.24099935591220857,"y":0.21457591652870179,"z":-0.04754326492547989,"w":-0.9478799104690552},"size":1417.6031494140625,"orthographic":false}