{"cameraMode":{"drawMode":2,"name":"Shaded Wireframe","section":"Shading Mode"},"sceneLighting":false,"audioPlay":false,"sceneViewState":{"showFog":true,"showMaterialUpdate":true,"showSkybox":true,"showFlares":true,"showImageEffects":true,"showParticleSystems":true},"in2DMode":false,"pivot":{"x":4.699613094329834,"y":4.586690902709961,"z":-8.71169662475586},"rotation":{"x":0.01969015598297119,"y":-0.1011907160282135,"z":0.002283482812345028,"w":0.9951795935630798},"size":19.161645889282228,"orthographic":false}