{"cameraMode":{"drawMode":2,"name":"Shaded Wireframe","section":"Shading Mode"},"sceneLighting":false,"audioPlay":false,"sceneViewState":{"showFog":true,"showMaterialUpdate":true,"showSkybox":true,"showFlares":true,"showImageEffects":true,"showParticleSystems":true},"in2DMode":false,"pivot":{"x":-294.6290283203125,"y":131.47509765625,"z":324.88641357421877},"rotation":{"x":0.15124383568763734,"y":-0.7656471729278565,"z":0.19515323638916017,"w":0.5950804948806763},"size":77.68840789794922,"orthographic":false}