{"cameraMode":{"drawMode":0,"name":"Shaded","section":"Shading Mode"},"sceneLighting":false,"audioPlay":false,"sceneViewState":{"showFog":true,"showMaterialUpdate":true,"showSkybox":false,"showFlares":true,"showImageEffects":true,"showParticleSystems":true},"in2DMode":false,"pivot":{"x":19.851900100708009,"y":-1.2264641523361207,"z":0.07200312614440918},"rotation":{"x":0.13666997849941255,"y":-0.39103394746780398,"z":0.06062072142958641,"w":0.9086637496948242},"size":0.39353281259536745,"orthographic":false}