{"cameraMode":{"drawMode":0,"name":"Shaded","section":"Shading Mode"},"sceneLighting":true,"audioPlay":false,"sceneViewState":{"showFog":true,"showMaterialUpdate":true,"showSkybox":true,"showFlares":true,"showImageEffects":true,"showParticleSystems":true},"in2DMode":false,"pivot":{"x":-48.8017692565918,"y":-17.01392364501953,"z":70.3884048461914},"rotation":{"x":-0.04653390124440193,"y":0.018676267936825753,"z":0.0007037849281914532,"w":-0.9994513392448425},"size":355.2776184082031,"orthographic":false}