{"cameraMode":{"drawMode":0,"name":"Shaded","section":"Shading Mode"},"sceneLighting":true,"audioPlay":false,"sceneViewState":{"showFog":true,"showMaterialUpdate":true,"showSkybox":true,"showFlares":true,"showImageEffects":true,"showParticleSystems":true},"in2DMode":false,"pivot":{"x":-119.78225708007813,"y":-17.474573135375978,"z":318.9603576660156},"rotation":{"x":0.08394397795200348,"y":0.008299075067043305,"z":-0.005460876040160656,"w":0.9974992275238037},"size":23.12628173828125,"orthographic":false}