{"cameraMode":{"drawMode":0,"name":"Shaded","section":"Shading Mode"},"sceneLighting":true,"audioPlay":false,"sceneViewState":{"showFog":true,"showMaterialUpdate":true,"showSkybox":true,"showFlares":true,"showImageEffects":true,"showParticleSystems":true},"in2DMode":false,"pivot":{"x":41.70882797241211,"y":-0.7121171951293945,"z":-75.08058166503906},"rotation":{"x":-0.008518473245203495,"y":0.9904394745826721,"z":-0.10160176455974579,"w":-0.10481326282024384},"size":52.14199447631836,"orthographic":false}