{"cameraMode":{"drawMode":0,"name":"Shaded","section":"Shading Mode"},"sceneLighting":true,"audioPlay":false,"sceneViewState":{"showFog":true,"showMaterialUpdate":true,"showSkybox":true,"showFlares":true,"showImageEffects":true,"showParticleSystems":true},"in2DMode":false,"pivot":{"x":20.631446838378908,"y":-1.6650822162628174,"z":-17.463714599609376},"rotation":{"x":-0.12818022072315217,"y":-0.8668990135192871,"z":0.29162102937698367,"w":-0.3849814832210541},"size":26.638660430908204,"orthographic":false}