{"cameraMode":{"drawMode":2,"name":"Shaded Wireframe","section":"Shading Mode"},"sceneLighting":true,"audioPlay":false,"sceneViewState":{"showFog":true,"showMaterialUpdate":true,"showSkybox":true,"showFlares":true,"showImageEffects":true,"showParticleSystems":true},"in2DMode":false,"pivot":{"x":-84.68933868408203,"y":-30.99509048461914,"z":354.0672302246094},"rotation":{"x":-0.1300106793642044,"y":-0.5592012405395508,"z":0.08937709778547287,"w":-0.8141440749168396},"size":134.26242065429688,"orthographic":false}