{"cameraMode":{"drawMode":2,"name":"Shaded Wireframe","section":"Shading Mode"},"sceneLighting":false,"audioPlay":false,"sceneViewState":{"showFog":true,"showMaterialUpdate":true,"showSkybox":true,"showFlares":true,"showImageEffects":true,"showParticleSystems":true},"in2DMode":false,"pivot":{"x":-178.70648193359376,"y":8.96478271484375,"z":242.08743286132813},"rotation":{"x":0.02569817751646042,"y":-0.9744171500205994,"z":0.15358708798885346,"w":0.16386333107948304},"size":508.65411376953127,"orthographic":false}