{"cameraMode":{"drawMode":2,"name":"Shaded Wireframe","section":"Shading Mode"},"sceneLighting":false,"audioPlay":false,"sceneViewState":{"showFog":true,"showMaterialUpdate":true,"showSkybox":true,"showFlares":true,"showImageEffects":true,"showParticleSystems":true},"in2DMode":false,"pivot":{"x":-290.2043762207031,"y":140.9261474609375,"z":324.3629150390625},"rotation":{"x":-0.0010069491108879448,"y":-0.9994111061096191,"z":0.05734274536371231,"w":-0.0067726862616837029},"size":32.31766128540039,"orthographic":false}