{"cameraMode":{"drawMode":0,"name":"Shaded","section":"Shading Mode"},"sceneLighting":false,"audioPlay":false,"sceneViewState":{"showFog":true,"showMaterialUpdate":true,"showSkybox":false,"showFlares":true,"showImageEffects":true,"showParticleSystems":true},"in2DMode":false,"pivot":{"x":-110.36262512207031,"y":-16.37644386291504,"z":-71.47746276855469},"rotation":{"x":-0.022401761263608934,"y":0.7350409030914307,"z":-0.038597095757722858,"w":-0.6788091063499451},"size":71.00404357910156,"orthographic":false}