{"cameraMode":{"drawMode":0,"name":"Shaded","section":"Shading Mode"},"sceneLighting":true,"audioPlay":false,"sceneViewState":{"showFog":true,"showMaterialUpdate":true,"showSkybox":true,"showFlares":true,"showImageEffects":true,"showParticleSystems":true},"in2DMode":false,"pivot":{"x":3.693756103515625,"y":-81.39642333984375,"z":469.2124328613281},"rotation":{"x":-0.34687313437461855,"y":0.08079060167074204,"z":-0.019954446703195573,"w":-0.9364073276519775},"size":203.3788604736328,"orthographic":false}