{"cameraMode":{"drawMode":0,"name":"Shaded","section":"Shading Mode"},"sceneLighting":true,"audioPlay":false,"sceneViewState":{"showFog":true,"showMaterialUpdate":true,"showSkybox":true,"showFlares":true,"showImageEffects":true,"showParticleSystems":true},"in2DMode":false,"pivot":{"x":-213.30445861816407,"y":-89.57815551757813,"z":243.7730255126953},"rotation":{"x":-0.4280487895011902,"y":0.4342557489871979,"z":-0.2676982581615448,"w":-0.748550534248352},"size":135.58143615722657,"orthographic":false}