{"cameraMode":{"drawMode":0,"name":"Shaded","section":"Shading Mode"},"sceneLighting":true,"audioPlay":false,"sceneViewState":{"showFog":true,"showMaterialUpdate":true,"showSkybox":true,"showFlares":true,"showImageEffects":true,"showParticleSystems":true},"in2DMode":false,"pivot":{"x":72.86019897460938,"y":-67.16442108154297,"z":116.70709228515625},"rotation":{"x":0.09379315376281738,"y":0.7408879399299622,"z":-0.1027650386095047,"w":0.6578936576843262},"size":84.07942199707031,"orthographic":false}