{"cameraMode":{"drawMode":2,"name":"Shaded Wireframe","section":"Shading Mode"},"sceneLighting":false,"audioPlay":false,"sceneViewState":{"showFog":true,"showMaterialUpdate":true,"showSkybox":false,"showFlares":true,"showImageEffects":true,"showParticleSystems":true},"in2DMode":false,"pivot":{"x":19.292661666870118,"y":0.9960563778877258,"z":-26.442684173583986},"rotation":{"x":-0.12743070721626283,"y":-0.09744352847337723,"z":0.012585083022713662,"w":-0.987011730670929},"size":7.591695308685303,"orthographic":false}