{"cameraMode":{"drawMode":2,"name":"Shaded Wireframe","section":"Shading Mode"},"sceneLighting":true,"audioPlay":false,"sceneViewState":{"showFog":true,"showMaterialUpdate":true,"showSkybox":true,"showFlares":true,"showImageEffects":true,"showParticleSystems":true},"in2DMode":false,"pivot":{"x":-647.387939453125,"y":-599.8595581054688,"z":1089.7249755859375},"rotation":{"x":-0.21090422570705415,"y":0.26517054438591006,"z":-0.059476014226675037,"w":-0.9394817352294922},"size":1441.4703369140625,"orthographic":false}