{"cameraMode":{"drawMode":0,"name":"Shaded","section":"Shading Mode"},"sceneLighting":false,"audioPlay":false,"sceneViewState":{"showFog":true,"showMaterialUpdate":true,"showSkybox":false,"showFlares":true,"showImageEffects":true,"showParticleSystems":true},"in2DMode":false,"pivot":{"x":49.529998779296878,"y":-2.8499999046325685,"z":-60.119998931884769},"rotation":{"x":-0.2574519217014313,"y":-0.6875676512718201,"z":0.28778594732284548,"w":-0.6166850924491882},"size":8.399714469909668,"orthographic":false}