{"cameraMode":{"drawMode":2,"name":"Shaded Wireframe","section":"Shading Mode"},"sceneLighting":false,"audioPlay":false,"sceneViewState":{"showFog":true,"showMaterialUpdate":true,"showSkybox":true,"showFlares":true,"showImageEffects":true,"showParticleSystems":true},"in2DMode":false,"pivot":{"x":-244.88999938964845,"y":134.0,"z":348.57000732421877},"rotation":{"x":0.015322214923799038,"y":0.019237006083130838,"z":0.00005315290400176309,"w":1.0001682043075562},"size":5.3180131912231449,"orthographic":false}