{"cameraMode":{"drawMode":0,"name":"Shaded","section":"Shading Mode"},"sceneLighting":false,"audioPlay":false,"sceneViewState":{"showFog":true,"showMaterialUpdate":true,"showSkybox":false,"showFlares":true,"showImageEffects":true,"showParticleSystems":true},"in2DMode":false,"pivot":{"x":-34.67757797241211,"y":-2.007431745529175,"z":-20.97142791748047},"rotation":{"x":0.009663382545113564,"y":-0.6843939423561096,"z":-0.009464602917432785,"w":-0.7304649949073792},"size":12.05712604522705,"orthographic":false}