{"cameraMode":{"drawMode":0,"name":"Shaded","section":"Shading Mode"},"sceneLighting":true,"audioPlay":false,"sceneViewState":{"showFog":true,"showMaterialUpdate":true,"showSkybox":true,"showFlares":true,"showImageEffects":true,"showParticleSystems":true},"in2DMode":false,"pivot":{"x":281.0016174316406,"y":17.63970947265625,"z":69.85941314697266},"rotation":{"x":-0.1521437019109726,"y":0.10422779619693756,"z":-0.026646273210644723,"w":-0.9840424656867981},"size":193.71368408203126,"orthographic":false}