{"cameraMode":{"drawMode":0,"name":"Shaded","section":"Shading Mode"},"sceneLighting":false,"audioPlay":false,"sceneViewState":{"showFog":true,"showMaterialUpdate":true,"showSkybox":false,"showFlares":true,"showImageEffects":true,"showParticleSystems":true},"in2DMode":false,"pivot":{"x":61.30870819091797,"y":-2.341484546661377,"z":10.060647010803223},"rotation":{"x":0.04670478403568268,"y":-0.9402557611465454,"z":0.3109290301799774,"w":0.13851940631866456},"size":2.4537062644958498,"orthographic":false}