{"cameraMode":{"drawMode":2,"name":"Shaded Wireframe","section":"Shading Mode"},"sceneLighting":false,"audioPlay":false,"sceneViewState":{"showFog":true,"showMaterialUpdate":true,"showSkybox":false,"showFlares":true,"showImageEffects":true,"showParticleSystems":true},"in2DMode":false,"pivot":{"x":25.056201934814454,"y":14.379261016845704,"z":-24.334936141967775},"rotation":{"x":0.10954088717699051,"y":-0.04112225025892258,"z":0.0048308237455785278,"w":0.993636429309845},"size":1.1005980968475342,"orthographic":false}