{"cameraMode":{"drawMode":2,"name":"Shaded Wireframe","section":"Shading Mode"},"sceneLighting":false,"audioPlay":false,"sceneViewState":{"showFog":true,"showMaterialUpdate":true,"showSkybox":false,"showFlares":true,"showImageEffects":true,"showParticleSystems":true},"in2DMode":false,"pivot":{"x":24.660015106201173,"y":14.786555290222168,"z":-24.5036563873291},"rotation":{"x":0.12725986540317536,"y":0.536741316318512,"z":-0.08184655755758286,"w":0.8306924104690552},"size":2.30059814453125,"orthographic":false}