{"cameraMode":{"drawMode":2,"name":"Shaded Wireframe","section":"Shading Mode"},"sceneLighting":false,"audioPlay":false,"sceneViewState":{"showFog":true,"showMaterialUpdate":true,"showSkybox":false,"showFlares":true,"showImageEffects":true,"showParticleSystems":true},"in2DMode":false,"pivot":{"x":21.279033660888673,"y":-2.0266807079315187,"z":8.32735824584961},"rotation":{"x":0.23535098135471345,"y":0.29145556688308718,"z":-0.07414478808641434,"w":0.9242974519729614},"size":1.3578839302062989,"orthographic":false}