{"cameraMode":{"drawMode":0,"name":"Shaded","section":"Shading Mode"},"sceneLighting":false,"audioPlay":false,"sceneViewState":{"showFog":true,"showMaterialUpdate":true,"showSkybox":false,"showFlares":true,"showImageEffects":true,"showParticleSystems":true},"in2DMode":false,"pivot":{"x":61.42565155029297,"y":-3.5055196285247804,"z":10.797487258911133},"rotation":{"x":-0.13287018239498139,"y":-0.8584096431732178,"z":0.2786513566970825,"w":-0.4122564196586609},"size":15.76125717163086,"orthographic":false}