{"cameraMode":{"drawMode":2,"name":"Shaded Wireframe","section":"Shading Mode"},"sceneLighting":false,"audioPlay":false,"sceneViewState":{"showFog":true,"showMaterialUpdate":true,"showSkybox":true,"showFlares":true,"showImageEffects":true,"showParticleSystems":true},"in2DMode":false,"pivot":{"x":-274.3888244628906,"y":137.3218536376953,"z":305.2203674316406},"rotation":{"x":-0.0026616996619850399,"y":-0.9970654845237732,"z":0.060303911566734317,"w":-0.06647761166095734},"size":45.04056167602539,"orthographic":false}