{"cameraMode":{"drawMode":0,"name":"Shaded","section":"Shading Mode"},"sceneLighting":false,"audioPlay":false,"sceneViewState":{"showFog":true,"showMaterialUpdate":true,"showSkybox":false,"showFlares":true,"showImageEffects":true,"showParticleSystems":true},"in2DMode":false,"pivot":{"x":11.63700008392334,"y":-2.7780001163482668,"z":-22.260000228881837},"rotation":{"x":0.43015721440315249,"y":0.15152297914028169,"z":-0.07084889709949494,"w":0.8875842690467835},"size":1.4345831871032715,"orthographic":false}