{"cameraMode":{"drawMode":0,"name":"Shaded","section":"Shading Mode"},"sceneLighting":false,"audioPlay":false,"sceneViewState":{"showFog":true,"showMaterialUpdate":true,"showSkybox":false,"showFlares":true,"showImageEffects":true,"showParticleSystems":true},"in2DMode":false,"pivot":{"x":19.292661666870118,"y":0.9960563778877258,"z":-26.442684173583986},"rotation":{"x":0.14281877875328065,"y":-0.0415191687643528,"z":0.006006821058690548,"w":0.9891279339790344},"size":6.01224422454834,"orthographic":false}