{"cameraMode":{"drawMode":0,"name":"Shaded","section":"Shading Mode"},"sceneLighting":true,"audioPlay":false,"sceneViewState":{"showFog":true,"showMaterialUpdate":true,"showSkybox":true,"showFlares":true,"showImageEffects":true,"showParticleSystems":true},"in2DMode":false,"pivot":{"x":-84.51495361328125,"y":-16.94805145263672,"z":328.9276428222656},"rotation":{"x":-0.10689079016447067,"y":-0.6718794107437134,"z":0.08947980403900147,"w":-0.729451596736908},"size":7.694834232330322,"orthographic":false}