{"cameraMode":{"drawMode":2,"name":"Shaded Wireframe","section":"Shading Mode"},"sceneLighting":false,"audioPlay":false,"sceneViewState":{"showFog":true,"showMaterialUpdate":true,"showSkybox":false,"showFlares":true,"showImageEffects":true,"showParticleSystems":true},"in2DMode":false,"pivot":{"x":25.38378143310547,"y":14.371901512145996,"z":-24.603635787963868},"rotation":{"x":0.05130689591169357,"y":-0.01286298781633377,"z":0.0009951881365850568,"w":0.9991212487220764},"size":1.1725399494171143,"orthographic":false}