{"cameraMode":{"drawMode":2,"name":"Shaded Wireframe","section":"Shading Mode"},"sceneLighting":true,"audioPlay":false,"sceneViewState":{"showFog":true,"showMaterialUpdate":true,"showSkybox":true,"showFlares":true,"showImageEffects":true,"showParticleSystems":true},"in2DMode":false,"pivot":{"x":-0.37068939208984377,"y":-2.077047348022461,"z":90.0},"rotation":{"x":-0.0015753137413412333,"y":0.9967228770256043,"z":-0.0788053348660469,"w":-0.02127681113779545},"size":506.2214050292969,"orthographic":false}