{"cameraMode":{"drawMode":0,"name":"Shaded","section":"Shading Mode"},"sceneLighting":true,"audioPlay":false,"sceneViewState":{"showFog":true,"showMaterialUpdate":true,"showSkybox":true,"showFlares":true,"showImageEffects":true,"showParticleSystems":true},"in2DMode":false,"pivot":{"x":-284.02130126953127,"y":129.5386199951172,"z":313.29998779296877},"rotation":{"x":0.11914712935686112,"y":0.6020275950431824,"z":-0.10269025713205338,"w":0.7845522165298462},"size":53.9776611328125,"orthographic":false}