{"cameraMode":{"drawMode":2,"name":"Shaded Wireframe","section":"Shading Mode"},"sceneLighting":false,"audioPlay":false,"sceneViewState":{"showFog":true,"showMaterialUpdate":true,"showSkybox":false,"showFlares":true,"showImageEffects":true,"showParticleSystems":true},"in2DMode":false,"pivot":{"x":18.626981735229493,"y":-1.9274721145629883,"z":-20.513492584228517},"rotation":{"x":-0.06758949160575867,"y":0.8780433535575867,"z":-0.1303684115409851,"w":-0.4565117061138153},"size":2.933084011077881,"orthographic":false}