{"cameraMode":{"drawMode":0,"name":"Shaded","section":"Shading Mode"},"sceneLighting":false,"audioPlay":false,"sceneViewState":{"showFog":true,"showMaterialUpdate":true,"showSkybox":false,"showFlares":true,"showImageEffects":true,"showParticleSystems":true},"in2DMode":false,"pivot":{"x":-277.5650329589844,"y":133.92758178710938,"z":323.1978759765625},"rotation":{"x":0.003120903391391039,"y":-0.019053582102060319,"z":-0.006596738938242197,"w":1.002124309539795},"size":0.7829591631889343,"orthographic":false}