{"cameraMode":{"drawMode":2,"name":"Shaded Wireframe","section":"Shading Mode"},"sceneLighting":false,"audioPlay":false,"sceneViewState":{"showFog":true,"showMaterialUpdate":true,"showSkybox":false,"showFlares":true,"showImageEffects":true,"showParticleSystems":true},"in2DMode":false,"pivot":{"x":18.807945251464845,"y":-2.0513007640838625,"z":-20.715848922729493},"rotation":{"x":0.06443092972040177,"y":0.9362123012542725,"z":-0.25030866265296938,"w":0.24005922675132752},"size":137.2695770263672,"orthographic":false}