{"cameraMode":{"drawMode":2,"name":"Shaded Wireframe","section":"Shading Mode"},"sceneLighting":false,"audioPlay":false,"sceneViewState":{"showFog":true,"showMaterialUpdate":true,"showSkybox":true,"showFlares":true,"showImageEffects":true,"showParticleSystems":true},"in2DMode":false,"pivot":{"x":90.60867309570313,"y":-109.19194030761719,"z":-26.177207946777345},"rotation":{"x":-0.44401466846466067,"y":-0.37898769974708559,"z":0.21409539878368379,"w":-0.7846430540084839},"size":197.59031677246095,"orthographic":false}