{"cameraMode":{"drawMode":0,"name":"Shaded","section":"Shading Mode"},"sceneLighting":true,"audioPlay":false,"sceneViewState":{"showFog":true,"showMaterialUpdate":true,"showSkybox":true,"showFlares":true,"showImageEffects":true,"showParticleSystems":true},"in2DMode":false,"pivot":{"x":46.048805236816409,"y":39.924468994140628,"z":336.95977783203127},"rotation":{"x":0.2889236807823181,"y":0.7179127931594849,"z":-0.4875803589820862,"w":0.40792644023895266},"size":72.05464935302735,"orthographic":false}