{"cameraMode":{"drawMode":2,"name":"Shaded Wireframe","section":"Shading Mode"},"sceneLighting":false,"audioPlay":false,"sceneViewState":{"showFog":true,"showMaterialUpdate":true,"showSkybox":true,"showFlares":true,"showImageEffects":true,"showParticleSystems":true},"in2DMode":false,"pivot":{"x":16.528919219970704,"y":-7.754359722137451,"z":3.495115280151367},"rotation":{"x":0.19699214398860932,"y":-0.01586751826107502,"z":0.0032093259505927564,"w":0.9802990555763245},"size":29.275596618652345,"orthographic":false}