{"cameraMode":{"drawMode":0,"name":"Shaded","section":"Shading Mode"},"sceneLighting":true,"audioPlay":false,"sceneViewState":{"showFog":true,"showMaterialUpdate":true,"showSkybox":true,"showFlares":true,"showImageEffects":true,"showParticleSystems":true},"in2DMode":false,"pivot":{"x":-123.40554809570313,"y":-16.47995376586914,"z":167.28543090820313},"rotation":{"x":-0.05477836728096008,"y":-0.9297005534172058,"z":0.15811385214328767,"w":-0.3303085267543793},"size":188.46527099609376,"orthographic":false}