{"cameraMode":{"drawMode":0,"name":"Shaded","section":"Shading Mode"},"sceneLighting":false,"audioPlay":false,"sceneViewState":{"showFog":true,"showMaterialUpdate":true,"showSkybox":false,"showFlares":true,"showImageEffects":true,"showParticleSystems":true},"in2DMode":false,"pivot":{"x":19.212800979614259,"y":1.1474649906158448,"z":-26.1438045501709},"rotation":{"x":-0.23610861599445344,"y":0.6547545194625855,"z":-0.2274119257926941,"w":-0.6814457178115845},"size":3.6905317306518556,"orthographic":false}