{"cameraMode":{"drawMode":0,"name":"Shaded","section":"Shading Mode"},"sceneLighting":false,"audioPlay":false,"sceneViewState":{"showFog":true,"showMaterialUpdate":true,"showSkybox":false,"showFlares":true,"showImageEffects":true,"showParticleSystems":true},"in2DMode":false,"pivot":{"x":19.059555053710939,"y":-2.29840087890625,"z":-12.993175506591797},"rotation":{"x":-0.24039921164512635,"y":0.23245249688625337,"z":-0.060904838144779208,"w":-0.9409199357032776},"size":4.663487911224365,"orthographic":false}