{"cameraMode":{"drawMode":0,"name":"Shaded","section":"Shading Mode"},"sceneLighting":true,"audioPlay":false,"sceneViewState":{"showFog":true,"showMaterialUpdate":true,"showSkybox":true,"showFlares":true,"showImageEffects":true,"showParticleSystems":true},"in2DMode":false,"pivot":{"x":-177.736572265625,"y":4.3474040031433109,"z":363.4934997558594},"rotation":{"x":0.008564873598515988,"y":0.07271138578653336,"z":0.006496429909020662,"w":-0.9991310238838196},"size":173.5332794189453,"orthographic":false}