{"cameraMode":{"drawMode":2,"name":"Shaded Wireframe","section":"Shading Mode"},"sceneLighting":false,"audioPlay":false,"sceneViewState":{"showFog":true,"showMaterialUpdate":true,"showSkybox":false,"showFlares":true,"showImageEffects":true,"showParticleSystems":true},"in2DMode":false,"pivot":{"x":25.24144744873047,"y":14.475472450256348,"z":-24.231033325195314},"rotation":{"x":0.06627676635980606,"y":-0.02033672109246254,"z":0.0016684342408552766,"w":0.9981110095977783},"size":1.5274600982666016,"orthographic":false}