{"cameraMode":{"drawMode":0,"name":"Shaded","section":"Shading Mode"},"sceneLighting":true,"audioPlay":false,"sceneViewState":{"showFog":true,"showMaterialUpdate":false,"showSkybox":true,"showFlares":true,"showImageEffects":true,"showParticleSystems":true},"in2DMode":false,"pivot":{"x":177.7230224609375,"y":-56.554466247558597,"z":-9.718116760253907},"rotation":{"x":0.156181201338768,"y":0.6545270681381226,"z":-0.14073263108730317,"w":0.7262530326843262},"size":176.65687561035157,"orthographic":false}