{"cameraMode":{"drawMode":0,"name":"Shaded","section":"Shading Mode"},"sceneLighting":true,"audioPlay":false,"sceneViewState":{"showFog":true,"showMaterialUpdate":true,"showSkybox":true,"showFlares":true,"showImageEffects":true,"showParticleSystems":true},"in2DMode":false,"pivot":{"x":-123.01889038085938,"y":-9.3509521484375,"z":332.39105224609377},"rotation":{"x":0.0930059477686882,"y":0.6376526355743408,"z":-0.08033056557178498,"w":0.7624799013137817},"size":29.714298248291017,"orthographic":false}