{"cameraMode":{"drawMode":0,"name":"Shaded","section":"Shading Mode"},"sceneLighting":false,"audioPlay":false,"sceneViewState":{"showFog":true,"showMaterialUpdate":false,"showSkybox":false,"showFlares":true,"showImageEffects":true,"showParticleSystems":true},"in2DMode":false,"pivot":{"x":-1.1920928955078126e-7,"y":4.269999980926514,"z":-2.8816843032836916},"rotation":{"x":-0.12967278063297273,"y":0.8216784596443176,"z":-0.5151154398918152,"w":-0.20804473757743836},"size":6.567359447479248,"orthographic":false}