{"cameraMode":{"drawMode":0,"name":"Shaded","section":"Shading Mode"},"sceneLighting":false,"audioPlay":false,"sceneViewState":{"showFog":true,"showMaterialUpdate":true,"showSkybox":false,"showFlares":true,"showImageEffects":true,"showParticleSystems":true},"in2DMode":false,"pivot":{"x":-277.389404296875,"y":134.3041229248047,"z":323.114501953125},"rotation":{"x":0.039052680134773257,"y":0.0017178081907331944,"z":-0.007413255982100964,"w":1.0015356540679932},"size":0.15439563989639283,"orthographic":false}