{"cameraMode":{"drawMode":0,"name":"Shaded","section":"Shading Mode"},"sceneLighting":true,"audioPlay":false,"sceneViewState":{"showFog":true,"showMaterialUpdate":true,"showSkybox":true,"showFlares":true,"showImageEffects":true,"showParticleSystems":true},"in2DMode":false,"pivot":{"x":-157.1999969482422,"y":-18.591588973999025,"z":284.0736999511719},"rotation":{"x":-0.1789906620979309,"y":0.13553522527217866,"z":-0.024322418496012689,"w":-0.9749181866645813},"size":15.369277954101563,"orthographic":false}