{"cameraMode":{"drawMode":0,"name":"Shaded","section":"Shading Mode"},"sceneLighting":true,"audioPlay":false,"sceneViewState":{"showFog":true,"showMaterialUpdate":true,"showSkybox":true,"showFlares":true,"showImageEffects":true,"showParticleSystems":true},"in2DMode":false,"pivot":{"x":-175.4358673095703,"y":3.7860560417175295,"z":137.54849243164063},"rotation":{"x":-0.011781374923884869,"y":0.9682334661483765,"z":-0.250741183757782,"w":-0.034989431500434878},"size":8.13154125213623,"orthographic":false}