{"cameraMode":{"drawMode":0,"name":"Shaded","section":"Shading Mode"},"sceneLighting":true,"audioPlay":false,"sceneViewState":{"showFog":true,"showMaterialUpdate":true,"showSkybox":true,"showFlares":true,"showImageEffects":true,"showParticleSystems":true},"in2DMode":false,"pivot":{"x":0.7056465148925781,"y":-1.1276435852050782,"z":103.11868286132813},"rotation":{"x":0.03151082620024681,"y":0.01718515157699585,"z":-0.0022264376748353245,"w":1.000892996788025},"size":399.7784118652344,"orthographic":false}