{"cameraMode":{"drawMode":0,"name":"Shaded","section":"Shading Mode"},"sceneLighting":true,"audioPlay":false,"sceneViewState":{"showFog":true,"showMaterialUpdate":true,"showSkybox":true,"showFlares":true,"showImageEffects":true,"showParticleSystems":true},"in2DMode":false,"pivot":{"x":4.428532600402832,"y":4.679436206817627,"z":-9.151962280273438},"rotation":{"x":-0.06018810719251633,"y":-0.013476182706654072,"z":-0.009556638076901436,"w":-0.9995829463005066},"size":3.0182037353515627,"orthographic":false}