{"cameraMode":{"drawMode":0,"name":"Shaded","section":"Shading Mode"},"sceneLighting":false,"audioPlay":false,"sceneViewState":{"showFog":true,"showMaterialUpdate":true,"showSkybox":false,"showFlares":true,"showImageEffects":true,"showParticleSystems":true},"in2DMode":false,"pivot":{"x":-10.080965042114258,"y":10.981941223144532,"z":-20.38933753967285},"rotation":{"x":0.03856416791677475,"y":0.9275340437889099,"z":-0.11676789820194245,"w":0.3563483953475952},"size":1.6472728252410889,"orthographic":false}