{"cameraMode":{"drawMode":0,"name":"Shaded","section":"Shading Mode"},"sceneLighting":true,"audioPlay":false,"sceneViewState":{"showFog":true,"showMaterialUpdate":true,"showSkybox":true,"showFlares":true,"showImageEffects":true,"showParticleSystems":true},"in2DMode":false,"pivot":{"x":-92.63414001464844,"y":1.8406610488891602,"z":296.6326904296875},"rotation":{"x":-0.01082748081535101,"y":0.9794365167617798,"z":-0.21325552463531495,"w":-0.009581002406775952},"size":34.03416061401367,"orthographic":false}