{"cameraMode":{"drawMode":2,"name":"Shaded Wireframe","section":"Shading Mode"},"sceneLighting":false,"audioPlay":false,"sceneViewState":{"showFog":true,"showMaterialUpdate":true,"showSkybox":false,"showFlares":true,"showImageEffects":true,"showParticleSystems":true},"in2DMode":false,"pivot":{"x":25.194765090942384,"y":14.496192932128907,"z":-24.231033325195314},"rotation":{"x":-0.04323145002126694,"y":0.09211990982294083,"z":-0.008619844913482666,"w":-0.995711624622345},"size":2.1095099449157717,"orthographic":false}