{"cameraMode":{"drawMode":0,"name":"Shaded","section":"Shading Mode"},"sceneLighting":true,"audioPlay":false,"sceneViewState":{"showFog":true,"showMaterialUpdate":true,"showSkybox":true,"showFlares":true,"showImageEffects":true,"showParticleSystems":true},"in2DMode":false,"pivot":{"x":-260.4096374511719,"y":139.53134155273438,"z":307.6629638671875},"rotation":{"x":0.08281432837247849,"y":0.8625588417053223,"z":-0.13959841430187226,"w":0.48032695055007937},"size":74.88396453857422,"orthographic":false}