{"cameraMode":{"drawMode":2,"name":"Shaded Wireframe","section":"Shading Mode"},"sceneLighting":false,"audioPlay":false,"sceneViewState":{"showFog":true,"showMaterialUpdate":true,"showSkybox":false,"showFlares":true,"showImageEffects":true,"showParticleSystems":true},"in2DMode":false,"pivot":{"x":18.84145736694336,"y":-1.275011658668518,"z":-21.52313804626465},"rotation":{"x":0.06959810107946396,"y":0.9277774691581726,"z":-0.2979545295238495,"w":0.21574118733406068},"size":2.746116876602173,"orthographic":false}