{"cameraMode":{"drawMode":0,"name":"Shaded","section":"Shading Mode"},"sceneLighting":true,"audioPlay":false,"sceneViewState":{"showFog":true,"showMaterialUpdate":true,"showSkybox":true,"showFlares":true,"showImageEffects":true,"showParticleSystems":true},"in2DMode":false,"pivot":{"x":-79.49671173095703,"y":-40.358154296875,"z":414.0778503417969},"rotation":{"x":-0.44512853026390078,"y":-0.25386250019073489,"z":0.12917684018611909,"w":-0.8499338626861572},"size":46.78070831298828,"orthographic":false}