{"cameraMode":{"drawMode":0,"name":"Shaded","section":"Shading Mode"},"sceneLighting":true,"audioPlay":false,"sceneViewState":{"showFog":true,"showMaterialUpdate":true,"showSkybox":true,"showFlares":true,"showImageEffects":true,"showParticleSystems":true},"in2DMode":false,"pivot":{"x":-277.4106750488281,"y":134.3000030517578,"z":323.80767822265627},"rotation":{"x":-0.04997368901968002,"y":0.08993597328662873,"z":-0.014274817891418934,"w":-0.9961221814155579},"size":1.145678997039795,"orthographic":false}