{"cameraMode":{"drawMode":0,"name":"Shaded","section":"Shading Mode"},"sceneLighting":true,"audioPlay":false,"sceneViewState":{"showFog":true,"showMaterialUpdate":true,"showSkybox":false,"showFlares":true,"showImageEffects":true,"showParticleSystems":true},"in2DMode":false,"pivot":{"x":12.794252395629883,"y":-0.29214227199554446,"z":-12.031623840332032},"rotation":{"x":-0.03843271732330322,"y":0.9275343418121338,"z":-0.11365391314029694,"w":-0.357865571975708},"size":5.517427444458008,"orthographic":false}