{"cameraMode":{"drawMode":0,"name":"Shaded","section":"Shading Mode"},"sceneLighting":true,"audioPlay":false,"sceneViewState":{"showFog":true,"showMaterialUpdate":true,"showSkybox":true,"showFlares":true,"showImageEffects":true,"showParticleSystems":true},"in2DMode":false,"pivot":{"x":-79.14305114746094,"y":-9.59000015258789,"z":285.5893859863281},"rotation":{"x":0.02759374864399433,"y":-0.9506565928459168,"z":0.3108372986316681,"w":0.06140904873609543},"size":3.0734286308288576,"orthographic":false}