{"cameraMode":{"drawMode":0,"name":"Shaded","section":"Shading Mode"},"sceneLighting":true,"audioPlay":false,"sceneViewState":{"showFog":true,"showMaterialUpdate":true,"showSkybox":true,"showFlares":true,"showImageEffects":true,"showParticleSystems":true},"in2DMode":false,"pivot":{"x":-278.2987365722656,"y":133.98277282714845,"z":323.1649475097656},"rotation":{"x":-0.21481215953826905,"y":0.23354847729206086,"z":-0.06207766383886337,"w":-0.9478934407234192},"size":4.6398210525512699,"orthographic":false}