{"cameraMode":{"drawMode":2,"name":"Shaded Wireframe","section":"Shading Mode"},"sceneLighting":false,"audioPlay":false,"sceneViewState":{"showFog":true,"showMaterialUpdate":true,"showSkybox":true,"showFlares":true,"showImageEffects":true,"showParticleSystems":true},"in2DMode":false,"pivot":{"x":26.850160598754884,"y":12.773988723754883,"z":-39.935516357421878},"rotation":{"x":0.33737125992774966,"y":-0.07747795432806015,"z":0.02787836082279682,"w":0.9378660321235657},"size":6.310304641723633,"orthographic":false}