{"cameraMode":{"drawMode":2,"name":"Shaded Wireframe","section":"Shading Mode"},"sceneLighting":false,"audioPlay":false,"sceneViewState":{"showFog":true,"showMaterialUpdate":true,"showSkybox":true,"showFlares":true,"showImageEffects":true,"showParticleSystems":true},"in2DMode":false,"pivot":{"x":5.712090015411377,"y":4.443015098571777,"z":-9.409937858581543},"rotation":{"x":-0.2410748153924942,"y":0.007384276017546654,"z":-0.0024639563634991647,"w":-0.9711806178092957},"size":4.6229166984558109,"orthographic":false}