{"cameraMode":{"drawMode":0,"name":"Shaded","section":"Shading Mode"},"sceneLighting":false,"audioPlay":false,"sceneViewState":{"showFog":true,"showMaterialUpdate":true,"showSkybox":false,"showFlares":true,"showImageEffects":true,"showParticleSystems":true},"in2DMode":false,"pivot":{"x":-6.960000038146973,"y":6.407309055328369,"z":-0.0078887939453125},"rotation":{"x":0.11472450941801071,"y":-0.6868467330932617,"z":0.1157119870185852,"w":0.7095992565155029},"size":3.657965898513794,"orthographic":false}