{"cameraMode":{"drawMode":2,"name":"Shaded Wireframe","section":"Shading Mode"},"sceneLighting":false,"audioPlay":false,"sceneViewState":{"showFog":true,"showMaterialUpdate":true,"showSkybox":true,"showFlares":true,"showImageEffects":true,"showParticleSystems":true},"in2DMode":false,"pivot":{"x":-17.2622013092041,"y":5.933347702026367,"z":-22.65077018737793},"rotation":{"x":0.09831032156944275,"y":-0.2703190743923187,"z":0.027880430221557618,"w":0.9578873515129089},"size":12.061798095703125,"orthographic":false}