{"cameraMode":{"drawMode":0,"name":"Shaded","section":"Shading Mode"},"sceneLighting":true,"audioPlay":false,"sceneViewState":{"showFog":true,"showMaterialUpdate":true,"showSkybox":true,"showFlares":true,"showImageEffects":true,"showParticleSystems":true},"in2DMode":false,"pivot":{"x":-15.086807250976563,"y":-29.220365524291993,"z":336.8462219238281},"rotation":{"x":0.06651389598846436,"y":0.6573589444160461,"z":-0.06077440828084946,"w":0.7518290877342224},"size":179.93130493164063,"orthographic":false}