{"cameraMode":{"drawMode":0,"name":"Shaded","section":"Shading Mode"},"sceneLighting":true,"audioPlay":false,"sceneViewState":{"showFog":true,"showMaterialUpdate":true,"showSkybox":true,"showFlares":true,"showImageEffects":true,"showParticleSystems":true},"in2DMode":false,"pivot":{"x":81.27532958984375,"y":-53.081573486328128,"z":417.2153015136719},"rotation":{"x":-0.005660339258611202,"y":0.9939351081848145,"z":-0.09880570322275162,"w":-0.070025734603405},"size":75.33985137939453,"orthographic":false}