{"cameraMode":{"drawMode":2,"name":"Shaded Wireframe","section":"Shading Mode"},"sceneLighting":false,"audioPlay":false,"sceneViewState":{"showFog":true,"showMaterialUpdate":true,"showSkybox":true,"showFlares":true,"showImageEffects":true,"showParticleSystems":true},"in2DMode":false,"pivot":{"x":14.312076568603516,"y":1.3296163082122803,"z":-18.402254104614259},"rotation":{"x":0.09164940565824509,"y":-0.24937571585178376,"z":0.0237309280782938,"w":0.9638100266456604},"size":4.811056137084961,"orthographic":false}