{"cameraMode":{"drawMode":2,"name":"Shaded Wireframe","section":"Shading Mode"},"sceneLighting":false,"audioPlay":false,"sceneViewState":{"showFog":true,"showMaterialUpdate":true,"showSkybox":false,"showFlares":true,"showImageEffects":true,"showParticleSystems":true},"in2DMode":false,"pivot":{"x":25.194765090942384,"y":14.496192932128907,"z":-25.231033325195314},"rotation":{"x":-0.09947797656059265,"y":0.12275250256061554,"z":-0.016367405652999879,"w":-0.9882481694221497},"size":44.58169937133789,"orthographic":false}