{"cameraMode":{"drawMode":0,"name":"Shaded","section":"Shading Mode"},"sceneLighting":false,"audioPlay":false,"sceneViewState":{"showFog":true,"showMaterialUpdate":true,"showSkybox":false,"showFlares":true,"showImageEffects":true,"showParticleSystems":true},"in2DMode":false,"pivot":{"x":-111.70584106445313,"y":26.15309715270996,"z":-76.53669738769531},"rotation":{"x":0.021329781040549279,"y":0.021985504776239396,"z":0.013167941942811013,"w":1.0013558864593506},"size":9.64803695678711,"orthographic":false}