{"cameraMode":{"drawMode":2,"name":"Shaded Wireframe","section":"Shading Mode"},"sceneLighting":true,"audioPlay":false,"sceneViewState":{"showFog":true,"showMaterialUpdate":true,"showSkybox":true,"showFlares":true,"showImageEffects":true,"showParticleSystems":true},"in2DMode":false,"pivot":{"x":-10.216147422790528,"y":7.385798454284668,"z":-54.64549255371094},"rotation":{"x":-0.1593700498342514,"y":0.6851009726524353,"z":-0.15745419263839723,"w":-0.693477213382721},"size":23.498600006103517,"orthographic":false}