{"cameraMode":{"drawMode":2,"name":"Shaded Wireframe","section":"Shading Mode"},"sceneLighting":false,"audioPlay":false,"sceneViewState":{"showFog":true,"showMaterialUpdate":true,"showSkybox":true,"showFlares":true,"showImageEffects":true,"showParticleSystems":true},"in2DMode":false,"pivot":{"x":78.44857788085938,"y":-45.427391052246097,"z":-48.72270965576172},"rotation":{"x":0.04449619725346565,"y":-0.9386008381843567,"z":0.3155389726161957,"w":0.13237249851226808},"size":124.25716400146485,"orthographic":false}