{"cameraMode":{"drawMode":0,"name":"Shaded","section":"Shading Mode"},"sceneLighting":true,"audioPlay":false,"sceneViewState":{"showFog":true,"showMaterialUpdate":true,"showSkybox":true,"showFlares":true,"showImageEffects":true,"showParticleSystems":true},"in2DMode":false,"pivot":{"x":72.86019897460938,"y":-67.16442108154297,"z":116.70709228515625},"rotation":{"x":0.09929933398962021,"y":0.7854354977607727,"z":-0.12722161412239076,"w":0.5984497666358948},"size":95.75428771972656,"orthographic":false}