{"cameraMode":{"drawMode":0,"name":"Shaded","section":"Shading Mode"},"sceneLighting":true,"audioPlay":false,"sceneViewState":{"showFog":true,"showMaterialUpdate":true,"showSkybox":true,"showFlares":true,"showImageEffects":true,"showParticleSystems":true},"in2DMode":false,"pivot":{"x":10.637983322143555,"y":-36.84239959716797,"z":427.80792236328127},"rotation":{"x":-0.11148808151483536,"y":0.04906490445137024,"z":-0.0220392607152462,"w":-0.9942070245742798},"size":57.448795318603519,"orthographic":false}