{"cameraMode":{"drawMode":2,"name":"Shaded Wireframe","section":"Shading Mode"},"sceneLighting":false,"audioPlay":false,"sceneViewState":{"showFog":true,"showMaterialUpdate":true,"showSkybox":true,"showFlares":true,"showImageEffects":true,"showParticleSystems":true},"in2DMode":false,"pivot":{"x":300.2676696777344,"y":260.2973937988281,"z":-557.037353515625},"rotation":{"x":0.061684537678956988,"y":0.0650901347398758,"z":-0.004501841962337494,"w":0.9970729947090149},"size":2.595918893814087,"orthographic":false}