{"cameraMode":{"drawMode":2,"name":"Shaded Wireframe","section":"Shading Mode"},"sceneLighting":false,"audioPlay":false,"sceneViewState":{"showFog":true,"showMaterialUpdate":true,"showSkybox":true,"showFlares":true,"showImageEffects":true,"showParticleSystems":true},"in2DMode":false,"pivot":{"x":-29.703659057617189,"y":-138.23507690429688,"z":522.56005859375},"rotation":{"x":0.14083728194236756,"y":-0.04248220473527908,"z":0.005562071688473225,"w":0.9898167252540588},"size":477.22723388671877,"orthographic":false}