{"cameraMode":{"drawMode":2,"name":"Shaded Wireframe","section":"Shading Mode"},"sceneLighting":false,"audioPlay":false,"sceneViewState":{"showFog":true,"showMaterialUpdate":true,"showSkybox":false,"showFlares":true,"showImageEffects":true,"showParticleSystems":true},"in2DMode":false,"pivot":{"x":9.218799591064454,"y":-0.6951829791069031,"z":-9.750178337097168},"rotation":{"x":-0.029660606756806375,"y":0.9683249592781067,"z":-0.13926948606967927,"w":-0.20735904574394227},"size":53.68577194213867,"orthographic":false}