{"cameraMode":{"drawMode":0,"name":"Shaded","section":"Shading Mode"},"sceneLighting":true,"audioPlay":false,"sceneViewState":{"showFog":true,"showMaterialUpdate":true,"showSkybox":true,"showFlares":true,"showImageEffects":true,"showParticleSystems":true},"in2DMode":false,"pivot":{"x":-274.1285705566406,"y":137.6730194091797,"z":322.14898681640627},"rotation":{"x":0.29422321915626528,"y":-0.006802758667618036,"z":0.0037697339430451395,"w":0.9562782645225525},"size":10.540095329284668,"orthographic":false}