{"cameraMode":{"drawMode":2,"name":"Shaded Wireframe","section":"Shading Mode"},"sceneLighting":false,"audioPlay":false,"sceneViewState":{"showFog":true,"showMaterialUpdate":true,"showSkybox":false,"showFlares":true,"showImageEffects":true,"showParticleSystems":true},"in2DMode":false,"pivot":{"x":56.873451232910159,"y":9.422039985656739,"z":-106.4000015258789},"rotation":{"x":-0.2954360246658325,"y":0.5106200575828552,"z":-0.1924607902765274,"w":-0.7842971086502075},"size":186.8656768798828,"orthographic":false}