{"cameraMode":{"drawMode":0,"name":"Shaded","section":"Shading Mode"},"sceneLighting":true,"audioPlay":false,"sceneViewState":{"showFog":true,"showMaterialUpdate":true,"showSkybox":true,"showFlares":true,"showImageEffects":true,"showParticleSystems":true},"in2DMode":false,"pivot":{"x":-129.02044677734376,"y":-3.5820083618164064,"z":137.1456298828125},"rotation":{"x":-0.0022062319330871107,"y":0.9977937936782837,"z":-0.07799757272005081,"w":0.005381767172366381},"size":78.15093231201172,"orthographic":false}