{"cameraMode":{"drawMode":2,"name":"Shaded Wireframe","section":"Shading Mode"},"sceneLighting":false,"audioPlay":false,"sceneViewState":{"showFog":true,"showMaterialUpdate":true,"showSkybox":false,"showFlares":true,"showImageEffects":true,"showParticleSystems":true},"in2DMode":false,"pivot":{"x":-3.1894588470458986,"y":23.97161865234375,"z":-147.63253784179688},"rotation":{"x":-0.4872712194919586,"y":-0.3224131464958191,"z":0.1988883763551712,"w":-0.7876775860786438},"size":72.50199890136719,"orthographic":false}