{"cameraMode":{"drawMode":2,"name":"Shaded Wireframe","section":"Shading Mode"},"sceneLighting":false,"audioPlay":false,"sceneViewState":{"showFog":true,"showMaterialUpdate":true,"showSkybox":false,"showFlares":true,"showImageEffects":true,"showParticleSystems":true},"in2DMode":false,"pivot":{"x":-75.63350677490235,"y":-16.340654373168947,"z":-112.27497100830078},"rotation":{"x":0.26291751861572268,"y":0.3859211802482605,"z":-0.11564234644174576,"w":0.8767555356025696},"size":13.537511825561524,"orthographic":false}