{"cameraMode":{"drawMode":0,"name":"Shaded","section":"Shading Mode"},"sceneLighting":false,"audioPlay":false,"sceneViewState":{"showFog":true,"showMaterialUpdate":true,"showSkybox":false,"showFlares":true,"showImageEffects":true,"showParticleSystems":true},"in2DMode":false,"pivot":{"x":-231.2470245361328,"y":19.966094970703126,"z":-98.88798522949219},"rotation":{"x":0.36743229627609255,"y":-0.034625839442014697,"z":0.02895241230726242,"w":0.9310108423233032},"size":1048.8870849609375,"orthographic":false}