{"cameraMode":{"drawMode":0,"name":"Shaded","section":"Shading Mode"},"sceneLighting":true,"audioPlay":false,"sceneViewState":{"showFog":true,"showMaterialUpdate":true,"showSkybox":true,"showFlares":true,"showImageEffects":true,"showParticleSystems":true},"in2DMode":false,"pivot":{"x":-145.28050231933595,"y":-17.49246597290039,"z":223.46484375},"rotation":{"x":0.1270626336336136,"y":0.03779278323054314,"z":-0.004844269715249538,"w":0.9911640882492065},"size":47.71244430541992,"orthographic":false}