{"cameraMode":{"drawMode":0,"name":"Shaded","section":"Shading Mode"},"sceneLighting":true,"audioPlay":false,"sceneViewState":{"showFog":true,"showMaterialUpdate":true,"showSkybox":true,"showFlares":true,"showImageEffects":true,"showParticleSystems":true},"in2DMode":false,"pivot":{"x":-190.47471618652345,"y":1.2134954929351807,"z":192.02818298339845},"rotation":{"x":0.08467759937047959,"y":-0.6419704556465149,"z":0.07381380349397659,"w":0.7591842412948608},"size":17.58000946044922,"orthographic":false}