{"cameraMode":{"drawMode":0,"name":"Shaded","section":"Shading Mode"},"sceneLighting":true,"audioPlay":false,"sceneViewState":{"showFog":true,"showMaterialUpdate":true,"showSkybox":true,"showFlares":true,"showImageEffects":true,"showParticleSystems":true},"in2DMode":false,"pivot":{"x":-162.76824951171876,"y":-14.302999496459961,"z":229.0064239501953},"rotation":{"x":0.25426486134529116,"y":0.06472309678792954,"z":-0.014509025029838086,"w":0.9652909636497498},"size":28.420392990112306,"orthographic":false}