{"cameraMode":{"drawMode":0,"name":"Shaded","section":"Shading Mode"},"sceneLighting":true,"audioPlay":false,"sceneViewState":{"showFog":true,"showMaterialUpdate":true,"showSkybox":true,"showFlares":true,"showImageEffects":true,"showParticleSystems":true},"in2DMode":false,"pivot":{"x":20.485332489013673,"y":-0.36689186096191409,"z":-25.829853057861329},"rotation":{"x":-0.2448369711637497,"y":-0.6165432333946228,"z":0.21258771419525147,"w":-0.7183461785316467},"size":7.631192207336426,"orthographic":false}