{"cameraMode":{"drawMode":2,"name":"Shaded Wireframe","section":"Shading Mode"},"sceneLighting":false,"audioPlay":false,"sceneViewState":{"showFog":true,"showMaterialUpdate":true,"showSkybox":true,"showFlares":true,"showImageEffects":true,"showParticleSystems":true},"in2DMode":false,"pivot":{"x":-305.2687072753906,"y":137.58102416992188,"z":330.1529846191406},"rotation":{"x":-0.06709378212690354,"y":0.8796959519386292,"z":-0.14070989191532136,"w":-0.45134103298187258},"size":26.016525268554689,"orthographic":false}