{"cameraMode":{"drawMode":2,"name":"Shaded Wireframe","section":"Shading Mode"},"sceneLighting":false,"audioPlay":false,"sceneViewState":{"showFog":true,"showMaterialUpdate":true,"showSkybox":false,"showFlares":true,"showImageEffects":true,"showParticleSystems":true},"in2DMode":false,"pivot":{"x":60.95000076293945,"y":-3.7117996215820314,"z":6.041200637817383},"rotation":{"x":0.2521524429321289,"y":-0.31717807054519656,"z":0.08793960511684418,"w":0.9100632667541504},"size":115.52306365966797,"orthographic":false}