{"cameraMode":{"drawMode":0,"name":"Shaded","section":"Shading Mode"},"sceneLighting":true,"audioPlay":false,"sceneViewState":{"showFog":true,"showMaterialUpdate":true,"showSkybox":true,"showFlares":true,"showImageEffects":true,"showParticleSystems":true},"in2DMode":false,"pivot":{"x":-351.14886474609377,"y":-39.87677001953125,"z":457.824462890625},"rotation":{"x":-0.20537033677101136,"y":0.04356640204787254,"z":-0.009459970518946648,"w":-0.9780060052871704},"size":721.4894409179688,"orthographic":false}