{"cameraMode":{"drawMode":2,"name":"Shaded Wireframe","section":"Shading Mode"},"sceneLighting":true,"audioPlay":false,"sceneViewState":{"showFog":true,"showMaterialUpdate":true,"showSkybox":true,"showFlares":true,"showImageEffects":true,"showParticleSystems":true},"in2DMode":false,"pivot":{"x":-336.23333740234377,"y":140.9488067626953,"z":306.36175537109377},"rotation":{"x":0.010017161257565022,"y":-0.8193792104721069,"z":0.0142271239310503,"w":0.5733729600906372},"size":109.35187530517578,"orthographic":false}