{"cameraMode":{"drawMode":0,"name":"Shaded","section":"Shading Mode"},"sceneLighting":true,"audioPlay":false,"sceneViewState":{"showFog":true,"showMaterialUpdate":true,"showSkybox":true,"showFlares":true,"showImageEffects":true,"showParticleSystems":true},"in2DMode":false,"pivot":{"x":72.86019897460938,"y":-67.16442108154297,"z":116.70709228515625},"rotation":{"x":0.29422321915626528,"y":-0.006802758667618036,"z":0.0037697339430451395,"w":0.9562782645225525},"size":84.07942199707031,"orthographic":false}