{"cameraMode":{"drawMode":0,"name":"Shaded","section":"Shading Mode"},"sceneLighting":true,"audioPlay":false,"sceneViewState":{"showFog":true,"showMaterialUpdate":true,"showSkybox":true,"showFlares":true,"showImageEffects":true,"showParticleSystems":true},"in2DMode":false,"pivot":{"x":-245.5510711669922,"y":133.66770935058595,"z":349.3494567871094},"rotation":{"x":-0.0750369057059288,"y":-0.5253797173500061,"z":0.046711504459381106,"w":-0.8463447093963623},"size":108.96965789794922,"orthographic":false}