{"cameraMode":{"drawMode":2,"name":"Shaded Wireframe","section":"Shading Mode"},"sceneLighting":false,"audioPlay":false,"sceneViewState":{"showFog":true,"showMaterialUpdate":true,"showSkybox":false,"showFlares":true,"showImageEffects":true,"showParticleSystems":true},"in2DMode":false,"pivot":{"x":11.63700008392334,"y":-2.7780001163482668,"z":-22.260000228881837},"rotation":{"x":0.12283683568239212,"y":0.05783717334270477,"z":-0.008065992034971714,"w":0.9915036559104919},"size":2.334583044052124,"orthographic":true}