{"cameraMode":{"drawMode":0,"name":"Shaded","section":"Shading Mode"},"sceneLighting":false,"audioPlay":false,"sceneViewState":{"showFog":true,"showMaterialUpdate":true,"showSkybox":false,"showFlares":true,"showImageEffects":true,"showParticleSystems":true},"in2DMode":false,"pivot":{"x":-8.443035125732422,"y":8.629022598266602,"z":2.3435893058776857},"rotation":{"x":-0.027835091575980188,"y":0.8142524361610413,"z":-0.5796607732772827,"w":-0.05718309432268143},"size":3.815467357635498,"orthographic":false}