{"cameraMode":{"drawMode":0,"name":"Shaded","section":"Shading Mode"},"sceneLighting":true,"audioPlay":false,"sceneViewState":{"showFog":true,"showMaterialUpdate":true,"showSkybox":true,"showFlares":true,"showImageEffects":true,"showParticleSystems":true},"in2DMode":false,"pivot":{"x":35.13067626953125,"y":-57.11745834350586,"z":177.62794494628907},"rotation":{"x":-0.10968340933322907,"y":-0.6991416811943054,"z":0.11006684601306915,"w":-0.6980864405632019},"size":158.66897583007813,"orthographic":false}