{"cameraMode":{"drawMode":2,"name":"Shaded Wireframe","section":"Shading Mode"},"sceneLighting":false,"audioPlay":false,"sceneViewState":{"showFog":true,"showMaterialUpdate":true,"showSkybox":false,"showFlares":true,"showImageEffects":true,"showParticleSystems":true},"in2DMode":false,"pivot":{"x":25.174915313720704,"y":14.436589241027832,"z":-23.97651481628418},"rotation":{"x":0.06627676635980606,"y":-0.02033672109246254,"z":0.0016684342408552766,"w":0.9981110095977783},"size":1.7057740688323975,"orthographic":false}