{"cameraMode":{"drawMode":2,"name":"Shaded Wireframe","section":"Shading Mode"},"sceneLighting":false,"audioPlay":false,"sceneViewState":{"showFog":true,"showMaterialUpdate":true,"showSkybox":false,"showFlares":true,"showImageEffects":true,"showParticleSystems":true},"in2DMode":false,"pivot":{"x":-2.890000104904175,"y":5.2750349044799809,"z":-18.905439376831056},"rotation":{"x":0.25641998648643496,"y":0.06838123500347138,"z":-0.018263934180140497,"w":0.9646502137184143},"size":2.3195390701293947,"orthographic":false}