{"cameraMode":{"drawMode":2,"name":"Shaded Wireframe","section":"Shading Mode"},"sceneLighting":true,"audioPlay":false,"sceneViewState":{"showFog":true,"showMaterialUpdate":true,"showSkybox":true,"showFlares":true,"showImageEffects":true,"showParticleSystems":true},"in2DMode":false,"pivot":{"x":10.957138061523438,"y":-8.41241455078125,"z":-28.05496597290039},"rotation":{"x":0.24400871992111207,"y":0.7330039739608765,"z":-0.3294432759284973,"w":0.5428838729858398},"size":148.8709259033203,"orthographic":false}