{"cameraMode":{"drawMode":2,"name":"Shaded Wireframe","section":"Shading Mode"},"sceneLighting":false,"audioPlay":false,"sceneViewState":{"showFog":true,"showMaterialUpdate":true,"showSkybox":true,"showFlares":true,"showImageEffects":true,"showParticleSystems":true},"in2DMode":false,"pivot":{"x":-298.62994384765627,"y":150.0622100830078,"z":303.2157287597656},"rotation":{"x":-0.009804354049265385,"y":0.9873421788215637,"z":-0.06558474898338318,"w":-0.14892393350601197},"size":47.865570068359378,"orthographic":false}