{"cameraMode":{"drawMode":0,"name":"Shaded","section":"Shading Mode"},"sceneLighting":false,"audioPlay":false,"sceneViewState":{"showFog":true,"showMaterialUpdate":true,"showSkybox":false,"showFlares":true,"showImageEffects":true,"showParticleSystems":true},"in2DMode":false,"pivot":{"x":9.210000038146973,"y":6.0942277908325199,"z":-0.1400000900030136},"rotation":{"x":-0.3655102550983429,"y":-0.4037797451019287,"z":0.17811167240142823,"w":-0.8201671838760376},"size":2.784179449081421,"orthographic":false}