{"cameraMode":{"drawMode":0,"name":"Shaded","section":"Shading Mode"},"sceneLighting":true,"audioPlay":false,"sceneViewState":{"showFog":true,"showMaterialUpdate":true,"showSkybox":true,"showFlares":true,"showImageEffects":true,"showParticleSystems":true},"in2DMode":false,"pivot":{"x":-30.06694793701172,"y":-0.3336334228515625,"z":380.1597900390625},"rotation":{"x":-0.008808224461972714,"y":0.9701630473136902,"z":-0.03492364659905434,"w":-0.24393866956233979},"size":211.79505920410157,"orthographic":false}