{"cameraMode":{"drawMode":0,"name":"Shaded","section":"Shading Mode"},"sceneLighting":true,"audioPlay":false,"sceneViewState":{"showFog":true,"showMaterialUpdate":true,"showSkybox":true,"showFlares":true,"showImageEffects":true,"showParticleSystems":true},"in2DMode":false,"pivot":{"x":-275.755126953125,"y":136.5389404296875,"z":323.17095947265627},"rotation":{"x":0.22447003424167634,"y":0.4970656633377075,"z":-0.13213440775871278,"w":0.8281857371330261},"size":8.165722846984864,"orthographic":false}