{"cameraMode":{"drawMode":0,"name":"Shaded","section":"Shading Mode"},"sceneLighting":true,"audioPlay":false,"sceneViewState":{"showFog":true,"showMaterialUpdate":true,"showSkybox":true,"showFlares":true,"showImageEffects":true,"showParticleSystems":true},"in2DMode":false,"pivot":{"x":-126.99808502197266,"y":-14.246265411376954,"z":262.2189025878906},"rotation":{"x":0.0062139867804944519,"y":0.9397889971733093,"z":-0.015297823585569859,"w":0.3427754044532776},"size":49.87123489379883,"orthographic":false}