{"cameraMode":{"drawMode":0,"name":"Shaded","section":"Shading Mode"},"sceneLighting":true,"audioPlay":false,"sceneViewState":{"showFog":true,"showMaterialUpdate":true,"showSkybox":true,"showFlares":true,"showImageEffects":true,"showParticleSystems":true},"in2DMode":false,"pivot":{"x":-72.23339080810547,"y":-12.769721984863282,"z":324.66619873046877},"rotation":{"x":-0.025948917493224145,"y":-0.5671817064285278,"z":0.01785668544471264,"w":-0.8232861757278442},"size":111.44213104248047,"orthographic":false}