{"cameraMode":{"drawMode":0,"name":"Shaded","section":"Shading Mode"},"sceneLighting":true,"audioPlay":false,"sceneViewState":{"showFog":true,"showMaterialUpdate":true,"showSkybox":true,"showFlares":true,"showImageEffects":true,"showParticleSystems":true},"in2DMode":false,"pivot":{"x":-276.0418395996094,"y":133.8455810546875,"z":324.3321838378906},"rotation":{"x":-0.18997913599014283,"y":-0.4897696375846863,"z":0.11160142719745636,"w":-0.8443787097930908},"size":3.885154962539673,"orthographic":false}