{"cameraMode":{"drawMode":0,"name":"Shaded","section":"Shading Mode"},"sceneLighting":false,"audioPlay":false,"sceneViewState":{"showFog":true,"showMaterialUpdate":true,"showSkybox":false,"showFlares":true,"showImageEffects":true,"showParticleSystems":true},"in2DMode":false,"pivot":{"x":23.59000015258789,"y":-0.8700000047683716,"z":-18.139999389648439},"rotation":{"x":0.08075065165758133,"y":-0.9151561856269836,"z":0.2531020939350128,"w":0.307667076587677},"size":5.8182783126831059,"orthographic":false}