{"cameraMode":{"drawMode":2,"name":"Shaded Wireframe","section":"Shading Mode"},"sceneLighting":false,"audioPlay":false,"sceneViewState":{"showFog":true,"showMaterialUpdate":true,"showSkybox":true,"showFlares":true,"showImageEffects":true,"showParticleSystems":true},"in2DMode":false,"pivot":{"x":14.752305030822754,"y":0.738319993019104,"z":-14.206972122192383},"rotation":{"x":0.004791602957993746,"y":-0.0850880891084671,"z":0.0004229583719279617,"w":0.9964029788970947},"size":49.48750686645508,"orthographic":false}