{"cameraMode":{"drawMode":0,"name":"Shaded","section":"Shading Mode"},"sceneLighting":false,"audioPlay":false,"sceneViewState":{"showFog":true,"showMaterialUpdate":true,"showSkybox":false,"showFlares":true,"showImageEffects":true,"showParticleSystems":true},"in2DMode":false,"pivot":{"x":-36.099998474121097,"y":-18.522293090820314,"z":414.79998779296877},"rotation":{"x":-0.02633773162961006,"y":0.9677527546882629,"z":-0.22185969352722169,"w":-0.1274169683456421},"size":216.84771728515626,"orthographic":false}