{"cameraMode":{"drawMode":0,"name":"Shaded","section":"Shading Mode"},"sceneLighting":true,"audioPlay":false,"sceneViewState":{"showFog":true,"showMaterialUpdate":true,"showSkybox":true,"showFlares":true,"showImageEffects":true,"showParticleSystems":true},"in2DMode":false,"pivot":{"x":5.071962833404541,"y":4.918434143066406,"z":-9.130230903625489},"rotation":{"x":0.14281877875328065,"y":-0.0415191687643528,"z":0.006006821058690548,"w":0.9891279339790344},"size":0.976371705532074,"orthographic":false}