{"cameraMode":{"drawMode":2,"name":"Shaded Wireframe","section":"Shading Mode"},"sceneLighting":false,"audioPlay":false,"sceneViewState":{"showFog":true,"showMaterialUpdate":true,"showSkybox":true,"showFlares":true,"showImageEffects":true,"showParticleSystems":true},"in2DMode":false,"pivot":{"x":-288.6551818847656,"y":117.870849609375,"z":327.3105773925781},"rotation":{"x":0.05726846307516098,"y":-0.9219537973403931,"z":0.3537488281726837,"w":0.1502993106842041},"size":50.65009689331055,"orthographic":false}