{"cameraMode":{"drawMode":0,"name":"Shaded","section":"Shading Mode"},"sceneLighting":true,"audioPlay":false,"sceneViewState":{"showFog":true,"showMaterialUpdate":true,"showSkybox":true,"showFlares":true,"showImageEffects":true,"showParticleSystems":true},"in2DMode":false,"pivot":{"x":50.985782623291019,"y":-3.041999101638794,"z":-55.36505126953125},"rotation":{"x":0.22447003424167634,"y":0.4970656633377075,"z":-0.13213440775871278,"w":0.8281857371330261},"size":52.15668487548828,"orthographic":false}