{"cameraMode":{"drawMode":0,"name":"Shaded","section":"Shading Mode"},"sceneLighting":true,"audioPlay":false,"sceneViewState":{"showFog":true,"showMaterialUpdate":true,"showSkybox":true,"showFlares":true,"showImageEffects":true,"showParticleSystems":true},"in2DMode":false,"pivot":{"x":-113.22817993164063,"y":-0.825592041015625,"z":321.72296142578127},"rotation":{"x":0.16350039839744569,"y":-0.4237288236618042,"z":0.08014226704835892,"w":0.887919008731842},"size":58.06367492675781,"orthographic":false}