{"cameraMode":{"drawMode":0,"name":"Shaded","section":"Shading Mode"},"sceneLighting":true,"audioPlay":false,"sceneViewState":{"showFog":true,"showMaterialUpdate":true,"showSkybox":true,"showFlares":true,"showImageEffects":true,"showParticleSystems":true},"in2DMode":false,"pivot":{"x":21.364299774169923,"y":-2.168300151824951,"z":-32.49232482910156},"rotation":{"x":-0.02205296792089939,"y":-0.9669613838195801,"z":0.11489395052194596,"w":-0.23180481791496278},"size":13.23434829711914,"orthographic":false}