{"cameraMode":{"drawMode":2,"name":"Shaded Wireframe","section":"Shading Mode"},"sceneLighting":true,"audioPlay":false,"sceneViewState":{"showFog":true,"showMaterialUpdate":true,"showSkybox":true,"showFlares":true,"showImageEffects":true,"showParticleSystems":true},"in2DMode":false,"pivot":{"x":-196.2734832763672,"y":-17.805524826049806,"z":235.76315307617188},"rotation":{"x":-0.27754852175712588,"y":0.6716071963310242,"z":-0.3018409013748169,"w":-0.6174950003623962},"size":7.591693878173828,"orthographic":false}