{"cameraMode":{"drawMode":2,"name":"Shaded Wireframe","section":"Shading Mode"},"sceneLighting":true,"audioPlay":false,"sceneViewState":{"showFog":true,"showMaterialUpdate":true,"showSkybox":true,"showFlares":true,"showImageEffects":true,"showParticleSystems":true},"in2DMode":false,"pivot":{"x":4.833225250244141,"y":4.853240966796875,"z":-8.886527061462403},"rotation":{"x":0.08122243732213974,"y":-0.11868929862976074,"z":0.009799540042877198,"w":0.9896136522293091},"size":2.8897275924682619,"orthographic":false}