{"cameraMode":{"drawMode":0,"name":"Shaded","section":"Shading Mode"},"sceneLighting":true,"audioPlay":false,"sceneViewState":{"showFog":true,"showMaterialUpdate":true,"showSkybox":true,"showFlares":true,"showImageEffects":true,"showParticleSystems":true},"in2DMode":false,"pivot":{"x":-194.64999389648438,"y":4.849999904632568,"z":193.7899932861328},"rotation":{"x":-0.01781722716987133,"y":0.6139425039291382,"z":-0.026040324941277505,"w":-0.7906500697135925},"size":22.0,"orthographic":false}