{"cameraMode":{"drawMode":2,"name":"Shaded Wireframe","section":"Shading Mode"},"sceneLighting":false,"audioPlay":false,"sceneViewState":{"showFog":true,"showMaterialUpdate":true,"showSkybox":true,"showFlares":true,"showImageEffects":true,"showParticleSystems":true},"in2DMode":false,"pivot":{"x":-244.17062377929688,"y":133.9146728515625,"z":353.6665954589844},"rotation":{"x":0.05431133881211281,"y":-0.003558090189471841,"z":0.000512105762027204,"w":0.9990362524986267},"size":7.572262763977051,"orthographic":false}