{"cameraMode":{"drawMode":0,"name":"Shaded","section":"Shading Mode"},"sceneLighting":false,"audioPlay":false,"sceneViewState":{"showFog":true,"showMaterialUpdate":true,"showSkybox":false,"showFlares":true,"showImageEffects":true,"showParticleSystems":true},"in2DMode":false,"pivot":{"x":-132.97000122070313,"y":-16.56999969482422,"z":275.3999938964844},"rotation":{"x":-0.2996123135089874,"y":0.623156726360321,"z":-0.3032858371734619,"w":-0.6582280397415161},"size":26.023548126220704,"orthographic":false}